城市,年月,最高温,最低温,平均气温
七台河,2023-12,3.0,-31.0,-12.5
七台河,2024-01,-4.0,-29.0,-12.0
七台河,2024-02,9.0,-26.0,-5.5
七台河,2024-03,10.0,-17.0,0.8
七台河,2024-04,29.0,-5.0,15.3
七台河,2024-05,26.0,2.0,18.6
七台河,2024-06,30.0,9.0,20.8
七台河,2024-07,32.0,13.0,27.6
七台河,2024-08,30.0,15.0,26.7
七台河,2024-09,27.0,1.0,20.9
七台河,2024-10,22.0,-4.0,12.9
七台河,2024-11,14.0,-17.0,0.9
三亚,2023-12,33.0,15.0,27.7
三亚,2024-01,30.0,16.0,26.5
三亚,2024-02,31.0,17.0,28.7
三亚,2024-03,33.0,19.0,30.3
三亚,2024-04,34.0,22.0,32.2
三亚,2024-05,35.0,24.0,32.6
三亚,2024-06,36.0,25.0,33.6
三亚,2024-07,34.0,25.0,32.2
三亚,2024-08,35.0,25.0,33.6
三亚,2024-09,35.0,23.0,32.1
三亚,2024-10,34.0,20.0,31.5
三亚,2024-11,33.0,18.0,29.5
三明,2023-12,30.0,0.0,16.9
三明,2024-01,27.0,-1.0,15.8
三明,2024-02,32.0,4.0,18.4
三明,2024-03,34.0,5.0,20.7
三明,2024-04,34.0,15.0,26.7
三明,2024-05,34.0,16.0,28.2
三明,2024-06,37.0,17.0,30.5
三明,2024-07,40.0,24.0,36.5
三明,2024-08,38.0,25.0,34.3
三明,2024-09,37.0,20.0,33.0
三明,2024-10,33.0,14.0,26.6
三明,2024-11,29.0,6.0,22.2
三门峡,2023-12,18.0,-10.0,4.5
三门峡,2024-01,13.0,-10.0,4.2
三门峡,2024-02,17.0,-8.0,5.3
三门峡,2024-03,27.0,-2.0,15.7
三门峡,2024-04,30.0,6.0,21.9
三门峡,2024-05,34.0,9.0,27.1
三门峡,2024-06,39.0,14.0,30.9
三门峡,2024-07,34.0,16.0,29.1
三门峡,2024-08,34.0,17.0,30.4
三门峡,2024-09,33.0,8.0,27.0
三门峡,2024-10,27.0,3.0,19.1
三门峡,2024-11,19.0,-3.0,12.4
上海,2023-12,22.0,-4.0,10.5
上海,2024-01,20.0,-2.0,9.6
上海,2024-02,22.0,0.0,9.5
上海,2024-03,29.0,0.0,16.2
上海,2024-04,27.0,11.0,20.8
上海,2024-05,34.0,14.0,25.5
上海,2024-06,33.0,19.0,27.5
上海,2024-07,39.0,23.0,34.8
上海,2024-08,40.0,26.0,36.1
上海,2024-09,36.0,20.0,30.9
上海,2024-10,31.0,13.0,22.7
上海,2024-11,24.0,5.0,18.1
东莞,2023-12,30.0,5.0,20.6
东莞,2024-01,27.0,3.0,19.9
东莞,2024-02,29.0,7.0,21.4
东莞,2024-03,31.0,8.0,23.5
东莞,2024-04,32.0,19.0,27.6
东莞,2024-05,32.0,21.0,28.3
东莞,2024-06,35.0,23.0,30.5
东莞,2024-07,37.0,25.0,32.8
东莞,2024-08,37.0,25.0,33.0
东莞,2024-09,36.0,22.0,32.4
东莞,2024-10,34.0,19.0,29.7
东莞,2024-11,30.0,12.0,24.3
东营,2023-12,22.0,-13.0,3.2
东营,2024-01,10.0,-10.0,3.5
东营,2024-02,21.0,-8.0,5.5
东营,2024-03,23.0,-2.0,14.4
东营,2024-04,30.0,5.0,21.8
东营,2024-05,35.0,12.0,27.5
东营,2024-06,40.0,17.0,33.0
东营,2024-07,36.0,18.0,31.4
东营,2024-08,37.0,21.0,32.5
东营,2024-09,34.0,12.0,27.2
东营,2024-10,26.0,6.0,20.3
东营,2024-11,23.0,-4.0,14.6
中山,2023-12,30.0,5.0,20.6
中山,2024-01,26.0,3.0,19.5
中山,2024-02,29.0,7.0,20.4
中山,2024-03,31.0,7.0,23.1
中山,2024-04,32.0,19.0,28.3
中山,2024-05,32.0,20.0,27.9
中山,2024-06,34.0,22.0,30.5
中山,2024-07,35.0,24.0,32.5
中山,2024-08,36.0,24.0,32.6
中山,2024-09,35.0,21.0,31.6
中山,2024-10,33.0,19.0,29.0
中山,2024-11,29.0,12.0,23.5
临夏,2023-12,14.0,-19.0,5.6
临夏,2024-01,12.0,-17.0,3.9
临夏,2024-02,19.0,-12.0,4.3
临夏,2024-03,24.0,-10.0,12.4
临夏,2024-04,26.0,1.0,17.7
临夏,2024-05,32.0,3.0,23.5
临夏,2024-06,30.0,8.0,24.8
临夏,2024-07,35.0,10.0,26.8
临夏,2024-08,35.0,10.0,27.9
临夏,2024-09,27.0,3.0,20.2
临夏,2024-10,22.0,-3.0,15.9
临夏,2024-11,18.0,-11.0,9.6
临汾,2023-12,18.0,-14.0,4.5
临汾,2024-01,11.0,-14.0,5.2
临汾,2024-02,17.0,-7.0,6.0
临汾,2024-03,28.0,-5.0,17.3
临汾,2024-04,32.0,7.0,24.6
临汾,2024-05,37.0,11.0,30.5
临汾,2024-06,40.0,16.0,33.8
临汾,2024-07,37.0,20.0,33.3
临汾,2024-08,36.0,18.0,32.2
临汾,2024-09,35.0,9.0,29.2
临汾,2024-10,28.0,4.0,20.8
临汾,2024-11,19.0,-5.0,13.3
临沂,2023-12,21.0,-10.0,5.5
临沂,2024-01,11.0,-8.0,5.4
临沂,2024-02,20.0,-7.0,6.1
临沂,2024-03,24.0,-3.0,14.9
临沂,2024-04,28.0,6.0,22.7
临沂,2024-05,35.0,11.0,27.6
临沂,2024-06,37.0,17.0,31.9
临沂,2024-07,35.0,20.0,30.4
临沂,2024-08,36.0,22.0,32.7
临沂,2024-09,34.0,13.0,29.1
临沂,2024-10,27.0,5.0,20.7
临沂,2024-11,23.0,-1.0,15.1
临沧县,2023-12,22.0,5.0,19.4
临沧县,2024-01,22.0,3.0,19.1
临沧县,2024-02,26.0,2.0,21.8
临沧县,2024-03,28.0,6.0,25.7
临沧县,2024-04,32.0,11.0,28.2
临沧县,2024-05,32.0,12.0,26.6
临沧县,2024-06,31.0,17.0,26.7
临沧县,2024-07,31.0,18.0,25.4
临沧县,2024-08,30.0,17.0,26.9
临沧县,2024-09,30.0,15.0,26.2
临沧县,2024-10,28.0,13.0,24.1
临沧县,2024-11,25.0,6.0,20.4
丹东,2023-12,11.0,-23.0,-1.2
丹东,2024-01,5.0,-18.0,-1.0
丹东,2024-02,9.0,-10.0,2.9
丹东,2024-03,19.0,-9.0,8.7
丹东,2024-04,24.0,4.0,17.8
丹东,2024-05,25.0,7.0,20.6
丹东,2024-06,34.0,11.0,26.0
丹东,2024-07,32.0,18.0,27.0
丹东,2024-08,33.0,19.0,30.2
丹东,2024-09,32.0,9.0,26.4
丹东,2024-10,23.0,2.0,18.0
丹东,2024-11,22.0,-8.0,10.4
丽水,2023-12,24.0,-4.0,13.7
丽水,2024-01,25.0,-6.0,13.5
丽水,2024-02,29.0,0.0,13.2
丽水,2024-03,33.0,0.0,19.7
丽水,2024-04,33.0,12.0,24.8
丽水,2024-05,35.0,12.0,27.4
丽水,2024-06,37.0,15.0,27.9
丽水,2024-07,41.0,25.0,37.7
丽水,2024-08,42.0,24.0,38.1
丽水,2024-09,38.0,18.0,32.2
丽水,2024-10,33.0,12.0,23.5
丽水,2024-11,26.0,3.0,19.9
丽江,2023-12,18.0,-3.0,14.9
丽江,2024-01,16.0,-3.0,13.5
丽江,2024-02,18.0,-4.0,14.3
丽江,2024-03,23.0,3.0,19.0
丽江,2024-04,26.0,8.0,20.9
丽江,2024-05,28.0,8.0,22.2
丽江,2024-06,28.0,14.0,24.1
丽江,2024-07,27.0,13.0,23.5
丽江,2024-08,29.0,11.0,24.7
丽江,2024-09,28.0,12.0,23.0
丽江,2024-10,23.0,7.0,19.9
丽江,2024-11,21.0,-1.0,16.9
乌海,2023-12,14.0,-26.0,0.0
乌海,2024-01,9.0,-24.0,0.1
乌海,2024-02,16.0,-16.0,2.4
乌海,2024-03,27.0,-12.0,13.3
乌海,2024-04,28.0,2.0,21.4
乌海,2024-05,35.0,6.0,28.6
乌海,2024-06,36.0,12.0,30.1
乌海,2024-07,39.0,17.0,33.2
乌海,2024-08,36.0,14.0,30.2
乌海,2024-09,30.0,0.0,21.5
乌海,2024-10,23.0,-2.0,17.9
乌海,2024-11,18.0,-11.0,9.9
乌鲁木齐,2023-12,3.0,-27.0,-6.3
乌鲁木齐,2024-01,1.0,-20.0,-7.0
乌鲁木齐,2024-02,3.0,-25.0,-8.1
乌鲁木齐,2024-03,21.0,-13.0,7.3
乌鲁木齐,2024-04,29.0,-2.0,19.6
乌鲁木齐,2024-05,37.0,3.0,28.4
乌鲁木齐,2024-06,36.0,6.0,31.2
乌鲁木齐,2024-07,37.0,15.0,29.4
乌鲁木齐,2024-08,37.0,14.0,29.2
乌鲁木齐,2024-09,29.0,2.0,19.7
乌鲁木齐,2024-10,23.0,0.0,14.1
乌鲁木齐,2024-11,16.0,-12.0,3.8
乐山,2023-12,19.0,0.0,13.0
乐山,2024-01,17.0,2.0,11.7
乐山,2024-02,21.0,3.0,13.4
乐山,2024-03,29.0,6.0,19.9
乐山,2024-04,32.0,13.0,24.8
乐山,2024-05,36.0,14.0,27.7
乐山,2024-06,34.0,19.0,28.8
乐山,2024-07,35.0,22.0,30.0
乐山,2024-08,39.0,22.0,35.1
乐山,2024-09,36.0,16.0,31.4
乐山,2024-10,27.0,13.0,21.2
乐山,2024-11,24.0,6.0,17.3
九江,2023-12,23.0,-2.0,10.7
九江,2024-01,21.0,-3.0,9.8
九江,2024-02,27.0,-1.0,9.1
九江,2024-03,31.0,2.0,18.4
九江,2024-04,29.0,12.0,22.7
九江,2024-05,34.0,14.0,26.7
九江,2024-06,34.0,18.0,27.7
九江,2024-07,38.0,24.0,34.0
九江,2024-08,38.0,25.0,34.5
九江,2024-09,39.0,18.0,32.3
九江,2024-10,29.0,10.0,22.3
九江,2024-11,26.0,3.0,18.1
云浮,2023-12,29.0,4.0,19.9
云浮,2024-01,26.0,2.0,18.4
云浮,2024-02,29.0,7.0,19.1
云浮,2024-03,32.0,5.0,22.4
云浮,2024-04,35.0,18.0,28.6
云浮,2024-05,32.0,18.0,28.2
云浮,2024-06,36.0,22.0,31.5
云浮,2024-07,38.0,25.0,33.4
云浮,2024-08,37.0,24.0,33.9
云浮,2024-09,36.0,22.0,31.7
云浮,2024-10,33.0,15.0,28.9
云浮,2024-11,31.0,10.0,25.1
亳州,2023-12,22.0,-9.0,7.3
亳州,2024-01,17.0,-8.0,7.2
亳州,2024-02,22.0,-7.0,7.2
亳州,2024-03,26.0,0.0,16.2
亳州,2024-04,29.0,6.0,23.0
亳州,2024-05,35.0,12.0,29.1
亳州,2024-06,39.0,18.0,33.9
亳州,2024-07,39.0,20.0,32.3
亳州,2024-08,37.0,22.0,33.6
亳州,2024-09,36.0,13.0,28.7
亳州,2024-10,28.0,7.0,21.9
亳州,2024-11,24.0,1.0,16.5
伊宁,2023-12,12.0,-24.0,2.0
伊宁,2024-01,8.0,-16.0,1.5
伊宁,2024-02,10.0,-18.0,0.2
伊宁,2024-03,22.0,-9.0,8.6
伊宁,2024-04,26.0,2.0,19.2
伊宁,2024-05,33.0,8.0,24.9
伊宁,2024-06,35.0,13.0,30.5
伊宁,2024-07,37.0,16.0,30.9
伊宁,2024-08,36.0,13.0,30.2
伊宁,2024-09,30.0,2.0,22.9
伊宁,2024-10,26.0,0.0,17.4
伊宁,2024-11,19.0,-4.0,9.8
伊春,2023-12,-1.0,-34.0,-13.8
伊春,2024-01,-6.0,-35.0,-12.7
伊春,2024-02,5.0,-31.0,-5.5
伊春,2024-03,13.0,-22.0,1.5
伊春,2024-04,26.0,-8.0,13.9
伊春,2024-05,24.0,-1.0,18.1
伊春,2024-06,29.0,7.0,21.5
伊春,2024-07,33.0,11.0,28.4
伊春,2024-08,30.0,11.0,25.8
伊春,2024-09,27.0,-3.0,19.9
伊春,2024-10,21.0,-7.0,11.2
伊春,2024-11,8.0,-22.0,-0.8
佛山,2023-12,30.0,4.0,19.2
佛山,2024-01,27.0,3.0,18.7
佛山,2024-02,28.0,6.0,19.1
佛山,2024-03,31.0,8.0,22.5
佛山,2024-04,34.0,19.0,27.9
佛山,2024-05,32.0,20.0,28.3
佛山,2024-06,36.0,24.0,31.4
佛山,2024-07,38.0,25.0,34.1
佛山,2024-08,38.0,25.0,34.2
佛山,2024-09,37.0,22.0,32.9
佛山,2024-10,33.0,19.0,29.6
佛山,2024-11,31.0,12.0,25.1
佳木斯,2023-12,1.0,-31.0,-11.6
佳木斯,2024-01,-3.0,-29.0,-11.7
佳木斯,2024-02,7.0,-26.0,-4.6
佳木斯,2024-03,11.0,-18.0,2.0
佳木斯,2024-04,27.0,-4.0,15.6
佳木斯,2024-05,26.0,3.0,19.5
佳木斯,2024-06,30.0,9.0,21.2
佳木斯,2024-07,33.0,14.0,28.2
佳木斯,2024-08,31.0,15.0,26.8
佳木斯,2024-09,29.0,2.0,21.4
佳木斯,2024-10,23.0,-4.0,13.5
佳木斯,2024-11,13.0,-21.0,0.7
保定,2023-12,17.0,-21.0,1.8
保定,2024-01,6.0,-15.0,2.6
保定,2024-02,14.0,-10.0,5.2
保定,2024-03,23.0,-5.0,15.6
保定,2024-04,30.0,5.0,22.6
保定,2024-05,34.0,10.0,27.4
保定,2024-06,41.0,14.0,34.5
保定,2024-07,38.0,15.0,31.6
保定,2024-08,34.0,16.0,31.2
保定,2024-09,31.0,8.0,26.0
保定,2024-10,25.0,0.0,19.6
保定,2024-11,18.0,-6.0,13.4
保山,2023-12,22.0,1.0,18.0
保山,2024-01,20.0,0.0,16.3
保山,2024-02,21.0,0.0,18.0
保山,2024-03,29.0,2.0,22.9
保山,2024-04,28.0,9.0,25.3
保山,2024-05,29.0,10.0,24.7
保山,2024-06,31.0,17.0,26.7
保山,2024-07,30.0,18.0,25.8
保山,2024-08,30.0,16.0,26.7
保山,2024-09,30.0,16.0,27.0
保山,2024-10,27.0,11.0,23.3
保山,2024-11,25.0,4.0,20.1
信阳,2023-12,23.0,-7.0,9.0
信阳,2024-01,21.0,-6.0,8.8
信阳,2024-02,23.0,-6.0,7.4
信阳,2024-03,29.0,0.0,17.9
信阳,2024-04,30.0,6.0,22.6
信阳,2024-05,36.0,12.0,28.8
信阳,2024-06,39.0,19.0,31.9
信阳,2024-07,38.0,22.0,31.6
信阳,2024-08,38.0,20.0,34.3
信阳,2024-09,38.0,14.0,29.4
信阳,2024-10,29.0,8.0,22.4
信阳,2024-11,24.0,2.0,17.0
克州,2023-12,22.0,-10.0,4.0
克州,2024-01,8.0,-12.0,2.2
克州,2024-02,16.0,-7.0,4.6
克州,2024-03,25.0,-2.0,15.5
克州,2024-04,30.0,5.0,22.6
克州,2024-05,34.0,10.0,28.9
克州,2024-06,37.0,13.0,30.5
克州,2024-07,39.0,16.0,32.2
克州,2024-08,34.0,17.0,30.2
克州,2024-09,32.0,12.0,26.6
克州,2024-10,27.0,3.0,20.5
克州,2024-11,20.0,-3.0,11.9
克拉玛依,2023-12,6.0,-23.0,-8.1
克拉玛依,2024-01,-2.0,-23.0,-10.5
克拉玛依,2024-02,-3.0,-29.0,-10.0
克拉玛依,2024-03,20.0,-14.0,6.5
克拉玛依,2024-04,28.0,1.0,19.1
克拉玛依,2024-05,36.0,12.0,26.8
克拉玛依,2024-06,39.0,15.0,31.9
克拉玛依,2024-07,39.0,16.0,32.5
克拉玛依,2024-08,39.0,17.0,32.2
克拉玛依,2024-09,29.0,4.0,21.5
克拉玛依,2024-10,24.0,3.0,15.5
克拉玛依,2024-11,13.0,-11.0,3.3
六安,2023-12,25.0,-6.0,9.1
六安,2024-01,20.0,-6.0,8.5
六安,2024-02,27.0,-6.0,8.2
六安,2024-03,32.0,-1.0,17.9
六安,2024-04,29.0,7.0,22.4
六安,2024-05,34.0,13.0,27.2
六安,2024-06,36.0,17.0,30.2
六安,2024-07,38.0,22.0,33.0
六安,2024-08,38.0,23.0,34.9
六安,2024-09,38.0,14.0,29.8
六安,2024-10,27.0,8.0,21.9
六安,2024-11,25.0,3.0,17.5
六盘水,2023-12,24.0,-2.0,11.8
六盘水,2024-01,21.0,-3.0,9.8
六盘水,2024-02,28.0,0.0,12.9
六盘水,2024-03,29.0,1.0,17.7
六盘水,2024-04,33.0,9.0,22.9
六盘水,2024-05,31.0,8.0,22.4
六盘水,2024-06,29.0,14.0,23.5
六盘水,2024-07,33.0,16.0,28.1
六盘水,2024-08,34.0,15.0,30.1
六盘水,2024-09,32.0,10.0,26.7
六盘水,2024-10,25.0,7.0,19.5
六盘水,2024-11,25.0,2.0,15.5
兰州,2023-12,15.0,-15.0,4.1
兰州,2024-01,10.0,-13.0,2.6
兰州,2024-02,19.0,-10.0,3.0
兰州,2024-03,24.0,-7.0,11.4
兰州,2024-04,25.0,6.0,17.5
兰州,2024-05,31.0,8.0,23.0
兰州,2024-06,33.0,12.0,26.0
兰州,2024-07,38.0,15.0,31.1
兰州,2024-08,38.0,16.0,31.4
兰州,2024-09,31.0,5.0,22.7
兰州,2024-10,23.0,0.0,17.6
兰州,2024-11,18.0,-7.0,10.9
凯里,2023-12,26.0,-2.0,13.6
凯里,2024-01,20.0,-5.0,10.0
凯里,2024-02,29.0,-2.0,10.1
凯里,2024-03,31.0,1.0,19.6
凯里,2024-04,33.0,11.0,24.0
凯里,2024-05,35.0,12.0,24.3
凯里,2024-06,33.0,16.0,26.0
凯里,2024-07,38.0,21.0,31.7
凯里,2024-08,35.0,21.0,31.8
凯里,2024-09,35.0,15.0,30.4
凯里,2024-10,29.0,8.0,21.8
凯里,2024-11,28.0,3.0,18.8
包头,2023-12,11.0,-28.0,-3.8
包头,2024-01,2.0,-25.0,-5.0
包头,2024-02,11.0,-20.0,-0.6
包头,2024-03,23.0,-15.0,11.0
包头,2024-04,28.0,1.0,21.1
包头,2024-05,35.0,4.0,27.5
包头,2024-06,35.0,12.0,28.5
包头,2024-07,37.0,16.0,30.8
包头,2024-08,32.0,14.0,27.5
包头,2024-09,26.0,3.0,20.1
包头,2024-10,23.0,-2.0,15.7
包头,2024-11,14.0,-8.0,7.4
北京,2023-12,12.0,-16.0,1.6
北京,2024-01,7.0,-11.0,2.6
北京,2024-02,15.0,-8.0,5.9
北京,2024-03,23.0,-4.0,14.7
北京,2024-04,29.0,5.0,21.8
北京,2024-05,32.0,11.0,27.1
北京,2024-06,37.0,15.0,32.7
北京,2024-07,37.0,18.0,31.8
北京,2024-08,35.0,18.0,31.0
北京,2024-09,32.0,10.0,25.4
北京,2024-10,24.0,1.0,18.9
北京,2024-11,20.0,-5.0,13.1
北海,2023-12,27.0,6.0,20.3
北海,2024-01,25.0,4.0,19.0
北海,2024-02,29.0,7.0,19.0
北海,2024-03,30.0,9.0,23.1
北海,2024-04,32.0,20.0,29.0
北海,2024-05,32.0,22.0,29.4
北海,2024-06,33.0,25.0,31.6
北海,2024-07,34.0,25.0,32.1
北海,2024-08,33.0,25.0,31.6
北海,2024-09,36.0,23.0,31.2
北海,2024-10,33.0,18.0,29.3
北海,2024-11,31.0,13.0,26.6
南京,2023-12,22.0,-7.0,8.9
南京,2024-01,18.0,-6.0,8.3
南京,2024-02,26.0,-3.0,7.9
南京,2024-03,31.0,-1.0,16.4
南京,2024-04,27.0,7.0,21.7
南京,2024-05,33.0,12.0,26.0
南京,2024-06,35.0,17.0,29.0
南京,2024-07,38.0,22.0,33.4
南京,2024-08,40.0,25.0,35.5
南京,2024-09,38.0,16.0,30.7
南京,2024-10,28.0,9.0,21.5
南京,2024-11,25.0,3.0,17.5
南充,2023-12,17.0,1.0,11.9
南充,2024-01,16.0,1.0,10.4
南充,2024-02,22.0,1.0,12.0
南充,2024-03,29.0,6.0,19.2
南充,2024-04,32.0,14.0,24.1
南充,2024-05,37.0,13.0,27.1
南充,2024-06,36.0,18.0,27.7
南充,2024-07,37.0,22.0,31.8
南充,2024-08,40.0,22.0,36.2
南充,2024-09,40.0,15.0,35.2
南充,2024-10,28.0,12.0,21.9
南充,2024-11,23.0,5.0,16.5
南平,2023-12,29.0,1.0,16.2
南平,2024-01,26.0,0.0,15.1
南平,2024-02,31.0,4.0,17.0
南平,2024-03,31.0,4.0,20.0
南平,2024-04,35.0,14.0,25.7
南平,2024-05,34.0,16.0,28.4
南平,2024-06,38.0,18.0,29.8
南平,2024-07,39.0,24.0,35.9
南平,2024-08,38.0,25.0,34.9
南平,2024-09,36.0,20.0,32.9
南平,2024-10,32.0,14.0,26.4
南平,2024-11,29.0,5.0,22.1
南昌,2023-12,23.0,-3.0,11.6
南昌,2024-01,20.0,-4.0,11.2
南昌,2024-02,28.0,0.0,10.0
南昌,2024-03,32.0,2.0,18.8
南昌,2024-04,29.0,13.0,23.0
南昌,2024-05,34.0,16.0,27.4
南昌,2024-06,34.0,18.0,27.5
南昌,2024-07,39.0,24.0,35.0
南昌,2024-08,38.0,25.0,35.1
南昌,2024-09,38.0,20.0,33.3
南昌,2024-10,30.0,13.0,24.2
南昌,2024-11,27.0,6.0,19.9
南通,2023-12,23.0,-7.0,9.5
南通,2024-01,18.0,-6.0,8.3
南通,2024-02,22.0,-3.0,8.4
南通,2024-03,30.0,-2.0,15.1
南通,2024-04,26.0,6.0,20.2
南通,2024-05,33.0,9.0,25.6
南通,2024-06,33.0,15.0,28.3
南通,2024-07,38.0,21.0,34.5
南通,2024-08,39.0,24.0,35.4
南通,2024-09,35.0,18.0,30.4
南通,2024-10,30.0,9.0,22.0
南通,2024-11,24.0,1.0,17.4
南阳,2023-12,22.0,-6.0,8.0
南阳,2024-01,14.0,-6.0,7.8
南阳,2024-02,21.0,-5.0,7.5
南阳,2024-03,27.0,0.0,17.0
南阳,2024-04,29.0,8.0,22.5
南阳,2024-05,35.0,9.0,28.8
南阳,2024-06,39.0,17.0,31.7
南阳,2024-07,36.0,20.0,30.9
南阳,2024-08,37.0,22.0,33.1
南阳,2024-09,37.0,12.0,30.2
南阳,2024-10,28.0,6.0,22.4
南阳,2024-11,25.0,0.0,16.6
博州,2023-12,4.0,-28.0,-6.7
博州,2024-01,-2.0,-22.0,-8.5
博州,2024-02,-1.0,-26.0,-8.0
博州,2024-03,19.0,-15.0,6.2
博州,2024-04,26.0,0.0,18.5
博州,2024-05,33.0,8.0,24.7
博州,2024-06,35.0,12.0,30.2
博州,2024-07,37.0,16.0,30.2
博州,2024-08,36.0,14.0,30.4
博州,2024-09,29.0,2.0,21.7
博州,2024-10,25.0,1.0,16.1
博州,2024-11,18.0,-10.0,8.1
厦门,2023-12,29.0,6.0,19.8
厦门,2024-01,25.0,5.0,17.9
厦门,2024-02,28.0,4.0,19.0
厦门,2024-03,29.0,8.0,21.0
厦门,2024-04,32.0,16.0,25.1
厦门,2024-05,31.0,17.0,26.0
厦门,2024-06,33.0,19.0,29.3
厦门,2024-07,39.0,25.0,32.7
厦门,2024-08,36.0,25.0,32.4
厦门,2024-09,34.0,22.0,31.1
厦门,2024-10,31.0,20.0,27.9
厦门,2024-11,30.0,11.0,24.1
双鸭山,2023-12,2.0,-28.0,-10.9
双鸭山,2024-01,-3.0,-25.0,-11.5
双鸭山,2024-02,8.0,-22.0,-4.6
双鸭山,2024-03,11.0,-16.0,1.5
双鸭山,2024-04,28.0,-4.0,15.2
双鸭山,2024-05,25.0,4.0,18.6
双鸭山,2024-06,30.0,8.0,21.0
双鸭山,2024-07,33.0,13.0,27.5
双鸭山,2024-08,31.0,15.0,26.6
双鸭山,2024-09,29.0,4.0,21.3
双鸭山,2024-10,23.0,-3.0,12.8
双鸭山,2024-11,12.0,-15.0,0.7
合作,2023-12,12.0,-21.0,5.5
合作,2024-01,10.0,-22.0,3.5
合作,2024-02,16.0,-20.0,4.3
合作,2024-03,19.0,-13.0,8.4
合作,2024-04,22.0,-7.0,12.8
合作,2024-05,25.0,-5.0,16.5
合作,2024-06,23.0,0.0,18.2
合作,2024-07,27.0,5.0,20.8
合作,2024-08,29.0,4.0,23.3
合作,2024-09,27.0,0.0,19.5
合作,2024-10,19.0,-9.0,12.0
合作,2024-11,18.0,-20.0,6.8
合肥,2023-12,24.0,-9.0,8.8
合肥,2024-01,19.0,-7.0,8.2
合肥,2024-02,26.0,-5.0,7.7
合肥,2024-03,30.0,-1.0,17.2
合肥,2024-04,28.0,7.0,22.1
合肥,2024-05,33.0,11.0,26.5
合肥,2024-06,36.0,15.0,30.1
合肥,2024-07,39.0,21.0,32.7
合肥,2024-08,38.0,23.0,34.9
合肥,2024-09,37.0,14.0,30.2
合肥,2024-10,27.0,5.0,21.9
合肥,2024-11,25.0,1.0,17.2
吉林,2023-12,9.0,-25.0,-7.5
吉林,2024-01,2.0,-27.0,-7.6
吉林,2024-02,10.0,-24.0,-3.7
吉林,2024-03,13.0,-16.0,4.1
吉林,2024-04,26.0,-6.0,16.5
吉林,2024-05,30.0,6.0,19.9
吉林,2024-06,32.0,10.0,25.2
吉林,2024-07,32.0,15.0,27.3
吉林,2024-08,31.0,15.0,28.3
吉林,2024-09,28.0,5.0,21.6
吉林,2024-10,24.0,-3.0,13.9
吉林,2024-11,13.0,-13.0,4.2
吐鲁番,2023-12,6.0,-14.0,-0.5
吐鲁番,2024-01,4.0,-12.0,-0.3
吐鲁番,2024-02,9.0,-11.0,4.9
吐鲁番,2024-03,31.0,-2.0,18.0
吐鲁番,2024-04,34.0,9.0,26.8
吐鲁番,2024-05,41.0,18.0,35.9
吐鲁番,2024-06,47.0,20.0,39.9
吐鲁番,2024-07,47.0,24.0,40.5
吐鲁番,2024-08,44.0,22.0,38.9
吐鲁番,2024-09,36.0,10.0,31.1
吐鲁番,2024-10,28.0,6.0,23.2
吐鲁番,2024-11,19.0,-7.0,11.4
吴忠,2023-12,16.0,-19.0,2.4
吴忠,2024-01,13.0,-20.0,2.3
吴忠,2024-02,18.0,-10.0,3.1
吴忠,2024-03,28.0,-7.0,14.5
吴忠,2024-04,29.0,4.0,21.7
吴忠,2024-05,35.0,5.0,27.5
吴忠,2024-06,35.0,13.0,28.9
吴忠,2024-07,36.0,17.0,31.2
吴忠,2024-08,37.0,14.0,28.6
吴忠,2024-09,31.0,2.0,21.7
吴忠,2024-10,25.0,0.0,18.7
吴忠,2024-11,21.0,-7.0,10.0
周口,2023-12,23.0,-7.0,7.8
周口,2024-01,17.0,-7.0,7.6
周口,2024-02,21.0,-7.0,7.4
周口,2024-03,29.0,1.0,17.2
周口,2024-04,30.0,8.0,23.6
周口,2024-05,36.0,11.0,30.5
周口,2024-06,40.0,20.0,34.1
周口,2024-07,40.0,21.0,32.3
周口,2024-08,37.0,22.0,34.2
周口,2024-09,38.0,13.0,28.9
周口,2024-10,28.0,8.0,22.6
周口,2024-11,24.0,1.0,16.7
呼和浩特,2023-12,8.0,-27.0,-4.9
呼和浩特,2024-01,2.0,-23.0,-5.1
呼和浩特,2024-02,12.0,-15.0,-1.2
呼和浩特,2024-03,20.0,-13.0,9.0
呼和浩特,2024-04,26.0,0.0,19.4
呼和浩特,2024-05,33.0,5.0,25.0
呼和浩特,2024-06,33.0,12.0,27.1
呼和浩特,2024-07,37.0,15.0,28.8
呼和浩特,2024-08,33.0,13.0,27.6
呼和浩特,2024-09,26.0,2.0,20.6
呼和浩特,2024-10,25.0,-2.0,15.7
呼和浩特,2024-11,17.0,-12.0,7.0
和田,2023-12,19.0,-10.0,6.4
和田,2024-01,8.0,-11.0,3.5
和田,2024-02,19.0,-8.0,4.0
和田,2024-03,24.0,-2.0,15.9
和田,2024-04,29.0,5.0,23.2
和田,2024-05,35.0,9.0,28.5
和田,2024-06,37.0,13.0,30.2
和田,2024-07,38.0,17.0,31.6
和田,2024-08,37.0,16.0,30.4
和田,2024-09,32.0,6.0,26.0
和田,2024-10,26.0,0.0,21.0
和田,2024-11,20.0,-6.0,13.1
咸宁,2023-12,26.0,-4.0,11.0
咸宁,2024-01,24.0,-6.0,10.3
咸宁,2024-02,29.0,-2.0,8.6
咸宁,2024-03,33.0,0.0,18.4
咸宁,2024-04,30.0,12.0,22.6
咸宁,2024-05,35.0,12.0,27.2
咸宁,2024-06,34.0,16.0,27.9
咸宁,2024-07,39.0,22.0,34.3
咸宁,2024-08,39.0,23.0,35.5
咸宁,2024-09,39.0,14.0,32.8
咸宁,2024-10,30.0,8.0,23.4
咸宁,2024-11,27.0,1.0,19.0
咸阳,2023-12,20.0,-10.0,6.4
咸阳,2024-01,15.0,-10.0,5.7
咸阳,2024-02,16.0,-6.0,6.4
咸阳,2024-03,30.0,-2.0,17.2
咸阳,2024-04,30.0,7.0,23.5
咸阳,2024-05,36.0,10.0,28.4
咸阳,2024-06,40.0,15.0,32.5
咸阳,2024-07,36.0,20.0,30.1
咸阳,2024-08,36.0,20.0,32.7
咸阳,2024-09,37.0,12.0,30.4
咸阳,2024-10,27.0,5.0,20.2
咸阳,2024-11,18.0,-6.0,13.3
哈密,2023-12,7.0,-20.0,-1.9
哈密,2024-01,3.0,-19.0,-1.4
哈密,2024-02,8.0,-23.0,2.1
哈密,2024-03,25.0,-9.0,14.5
哈密,2024-04,30.0,1.0,21.3
哈密,2024-05,39.0,10.0,31.6
哈密,2024-06,40.0,15.0,34.5
哈密,2024-07,41.0,17.0,35.6
哈密,2024-08,40.0,14.0,34.2
哈密,2024-09,34.0,0.0,26.4
哈密,2024-10,27.0,0.0,20.1
哈密,2024-11,17.0,-13.0,8.8
哈尔滨,2023-12,3.0,-29.0,-11.4
哈尔滨,2024-01,-4.0,-31.0,-11.7
哈尔滨,2024-02,5.0,-28.0,-5.4
哈尔滨,2024-03,13.0,-17.0,2.5
哈尔滨,2024-04,24.0,-5.0,15.8
哈尔滨,2024-05,28.0,5.0,19.9
哈尔滨,2024-06,31.0,9.0,23.6
哈尔滨,2024-07,32.0,15.0,28.3
哈尔滨,2024-08,31.0,14.0,27.3
哈尔滨,2024-09,28.0,4.0,21.7
哈尔滨,2024-10,22.0,-4.0,13.1
哈尔滨,2024-11,12.0,-19.0,2.2
唐山,2023-12,12.0,-19.0,0.3
唐山,2024-01,6.0,-16.0,1.7
唐山,2024-02,15.0,-11.0,4.8
唐山,2024-03,21.0,-6.0,13.6
唐山,2024-04,27.0,4.0,20.5
唐山,2024-05,31.0,11.0,25.7
唐山,2024-06,35.0,15.0,31.5
唐山,2024-07,36.0,17.0,31.4
唐山,2024-08,33.0,17.0,30.5
唐山,2024-09,32.0,7.0,25.2
唐山,2024-10,24.0,0.0,19.2
唐山,2024-11,20.0,-7.0,12.5
商丘,2023-12,20.0,-9.0,6.1
商丘,2024-01,14.0,-9.0,6.3
商丘,2024-02,20.0,-10.0,6.7
商丘,2024-03,25.0,-1.0,15.7
商丘,2024-04,28.0,5.0,22.4
商丘,2024-05,35.0,9.0,28.6
商丘,2024-06,39.0,17.0,34.0
商丘,2024-07,36.0,20.0,31.3
商丘,2024-08,36.0,20.0,33.0
商丘,2024-09,36.0,11.0,28.0
商丘,2024-10,27.0,6.0,21.4
商丘,2024-11,23.0,0.0,15.8
喀什,2023-12,19.0,-9.0,3.6
喀什,2024-01,6.0,-10.0,1.9
喀什,2024-02,17.0,-6.0,4.9
喀什,2024-03,25.0,-1.0,15.3
喀什,2024-04,31.0,6.0,22.3
喀什,2024-05,33.0,10.0,28.6
喀什,2024-06,37.0,13.0,30.6
喀什,2024-07,38.0,15.0,32.0
喀什,2024-08,34.0,15.0,30.4
喀什,2024-09,33.0,10.0,26.2
喀什,2024-10,27.0,3.0,20.7
喀什,2024-11,19.0,-4.0,11.8
嘉兴,2023-12,25.0,-5.0,10.5
嘉兴,2024-01,22.0,-5.0,9.8
嘉兴,2024-02,24.0,-1.0,9.6
嘉兴,2024-03,30.0,-2.0,16.8
嘉兴,2024-04,27.0,9.0,20.7
嘉兴,2024-05,34.0,11.0,25.3
嘉兴,2024-06,35.0,17.0,27.0
嘉兴,2024-07,38.0,24.0,34.6
嘉兴,2024-08,39.0,25.0,35.6
嘉兴,2024-09,36.0,20.0,30.7
嘉兴,2024-10,31.0,11.0,22.3
嘉兴,2024-11,23.0,3.0,18.2
噶尔县,2023-12,7.0,-18.0,-0.4
噶尔县,2024-01,1.0,-20.0,-2.2
噶尔县,2024-02,6.0,-21.0,-1.7
噶尔县,2024-03,13.0,-17.0,3.8
噶尔县,2024-04,12.0,-9.0,7.5
噶尔县,2024-05,20.0,-7.0,12.4
噶尔县,2024-06,21.0,0.0,17.1
噶尔县,2024-07,27.0,7.0,22.1
噶尔县,2024-08,23.0,7.0,19.4
噶尔县,2024-09,21.0,0.0,16.7
噶尔县,2024-10,19.0,-8.0,10.8
噶尔县,2024-11,10.0,-15.0,4.3
四平,2023-12,9.0,-25.0,-7.0
四平,2024-01,0.0,-27.0,-7.2
四平,2024-02,10.0,-28.0,-3.5
四平,2024-03,16.0,-17.0,5.7
四平,2024-04,25.0,-5.0,17.1
四平,2024-05,29.0,5.0,22.1
四平,2024-06,33.0,9.0,27.0
四平,2024-07,31.0,15.0,27.9
四平,2024-08,31.0,14.0,28.1
四平,2024-09,28.0,2.0,22.1
四平,2024-10,23.0,-7.0,14.5
四平,2024-11,15.0,-14.0,5.7
固原,2023-12,13.0,-17.0,2.4
固原,2024-01,12.0,-19.0,1.5
固原,2024-02,16.0,-12.0,0.8
固原,2024-03,24.0,-10.0,9.9
固原,2024-04,24.0,1.0,17.0
固原,2024-05,30.0,3.0,22.1
固原,2024-06,29.0,9.0,23.1
固原,2024-07,30.0,12.0,25.1
固原,2024-08,30.0,11.0,25.0
固原,2024-09,26.0,0.0,18.9
固原,2024-10,20.0,-2.0,13.9
固原,2024-11,16.0,-10.0,6.8
塔城,2023-12,8.0,-23.0,-1.4
塔城,2024-01,5.0,-19.0,-1.6
塔城,2024-02,8.0,-31.0,-3.6
塔城,2024-03,20.0,-15.0,6.9
塔城,2024-04,27.0,-1.0,17.4
塔城,2024-05,33.0,6.0,24.8
塔城,2024-06,37.0,9.0,29.5
塔城,2024-07,37.0,14.0,30.1
塔城,2024-08,37.0,12.0,30.7
塔城,2024-09,27.0,0.0,20.4
塔城,2024-10,25.0,1.0,14.6
塔城,2024-11,17.0,-10.0,4.9
大兴安岭,2023-12,-4.0,-36.0,-15.0
大兴安岭,2024-01,-4.0,-38.0,-13.2
大兴安岭,2024-02,3.0,-33.0,-7.4
大兴安岭,2024-03,9.0,-27.0,0.3
大兴安岭,2024-04,20.0,-12.0,11.7
大兴安岭,2024-05,26.0,-4.0,18.9
大兴安岭,2024-06,31.0,5.0,24.6
大兴安岭,2024-07,34.0,12.0,28.5
大兴安岭,2024-08,32.0,6.0,25.3
大兴安岭,2024-09,30.0,-7.0,19.8
大兴安岭,2024-10,20.0,-13.0,8.6
大兴安岭,2024-11,2.0,-25.0,-2.8
大同,2023-12,13.0,-33.0,-2.3
大同,2024-01,5.0,-30.0,-2.1
大同,2024-02,15.0,-20.0,0.8
大同,2024-03,22.0,-17.0,10.5
大同,2024-04,28.0,-2.0,20.5
大同,2024-05,33.0,2.0,25.4
大同,2024-06,33.0,8.0,27.1
大同,2024-07,38.0,13.0,29.2
大同,2024-08,31.0,10.0,27.3
大同,2024-09,27.0,0.0,21.1
大同,2024-10,22.0,-5.0,15.5
大同,2024-11,16.0,-16.0,8.2
大庸,2023-12,25.0,-3.0,12.3
大庸,2024-01,22.0,-3.0,10.7
大庸,2024-02,27.0,-3.0,9.6
大庸,2024-03,32.0,2.0,19.0
大庸,2024-04,33.0,11.0,23.3
大庸,2024-05,36.0,13.0,27.8
大庸,2024-06,37.0,15.0,28.4
大庸,2024-07,40.0,21.0,35.1
大庸,2024-08,39.0,23.0,36.0
大庸,2024-09,40.0,16.0,32.8
大庸,2024-10,30.0,11.0,23.5
大庸,2024-11,27.0,3.0,18.8
大理,2023-12,21.0,0.0,17.0
大理,2024-01,18.0,-1.0,15.1
大理,2024-02,21.0,0.0,16.9
大理,2024-03,25.0,2.0,22.1
大理,2024-04,27.0,8.0,24.0
大理,2024-05,28.0,10.0,23.5
大理,2024-06,31.0,15.0,26.0
大理,2024-07,30.0,15.0,25.5
大理,2024-08,30.0,14.0,26.2
大理,2024-09,28.0,14.0,24.7
大理,2024-10,25.0,10.0,21.9
大理,2024-11,23.0,2.0,18.4
大连,2023-12,15.0,-14.0,0.7
大连,2024-01,7.0,-13.0,0.6
大连,2024-02,12.0,-12.0,0.8
大连,2024-03,18.0,-5.0,8.7
大连,2024-04,21.0,5.0,16.9
大连,2024-05,27.0,11.0,21.8
大连,2024-06,34.0,16.0,26.0
大连,2024-07,32.0,20.0,27.8
大连,2024-08,33.0,21.0,29.8
大连,2024-09,28.0,12.0,25.2
大连,2024-10,23.0,2.0,17.7
大连,2024-11,21.0,-4.0,12.0
天水,2023-12,15.0,-11.0,7.2
天水,2024-01,12.0,-12.0,5.7
天水,2024-02,17.0,-6.0,6.2
天水,2024-03,28.0,-5.0,15.3
天水,2024-04,29.0,6.0,22.6
天水,2024-05,34.0,8.0,26.5
天水,2024-06,35.0,13.0,28.6
天水,2024-07,35.0,16.0,28.3
天水,2024-08,34.0,15.0,30.5
天水,2024-09,33.0,7.0,25.3
天水,2024-10,22.0,1.0,17.1
天水,2024-11,21.0,-6.0,12.1
天津,2023-12,14.0,-14.0,2.0
天津,2024-01,8.0,-9.0,2.7
天津,2024-02,16.0,-5.0,5.8
天津,2024-03,23.0,0.0,14.7
天津,2024-04,29.0,7.0,21.9
天津,2024-05,34.0,14.0,27.4
天津,2024-06,40.0,19.0,33.2
天津,2024-07,40.0,19.0,32.5
天津,2024-08,36.0,21.0,31.8
天津,2024-09,33.0,11.0,26.4
天津,2024-10,26.0,4.0,20.0
天津,2024-11,22.0,-3.0,13.9
太原,2023-12,18.0,-21.0,2.0
太原,2024-01,10.0,-19.0,2.6
太原,2024-02,17.0,-10.0,4.8
太原,2024-03,26.0,-9.0,14.5
太原,2024-04,31.0,4.0,22.9
太原,2024-05,35.0,6.0,28.3
太原,2024-06,37.0,13.0,31.7
太原,2024-07,37.0,16.0,32.5
太原,2024-08,35.0,14.0,29.9
太原,2024-09,31.0,7.0,24.7
太原,2024-10,24.0,0.0,18.4
太原,2024-11,18.0,-7.0,11.6
威海,2023-12,17.0,-8.0,3.6
威海,2024-01,8.0,-10.0,3.1
威海,2024-02,13.0,-6.0,3.3
威海,2024-03,19.0,-4.0,10.7
威海,2024-04,26.0,6.0,19.4
威海,2024-05,26.0,12.0,22.4
威海,2024-06,35.0,14.0,27.8
威海,2024-07,35.0,19.0,28.9
威海,2024-08,35.0,21.0,30.7
威海,2024-09,32.0,16.0,26.4
威海,2024-10,24.0,9.0,18.9
威海,2024-11,22.0,-2.0,13.2
娄底,2023-12,24.0,-2.0,12.3
娄底,2024-01,21.0,-5.0,9.6
娄底,2024-02,29.0,-2.0,9.2
娄底,2024-03,30.0,2.0,18.2
娄底,2024-04,32.0,11.0,22.9
娄底,2024-05,34.0,14.0,26.1
娄底,2024-06,34.0,18.0,27.7
娄底,2024-07,39.0,23.0,34.4
娄底,2024-08,37.0,23.0,34.0
娄底,2024-09,38.0,17.0,32.0
娄底,2024-10,30.0,8.0,23.1
娄底,2024-11,28.0,5.0,19.8
孝感,2023-12,23.0,-4.0,10.0
孝感,2024-01,20.0,-5.0,9.4
孝感,2024-02,25.0,-3.0,8.0
孝感,2024-03,30.0,0.0,18.4
孝感,2024-04,30.0,11.0,23.3
孝感,2024-05,35.0,15.0,28.0
孝感,2024-06,37.0,18.0,30.3
孝感,2024-07,38.0,23.0,33.3
孝感,2024-08,38.0,23.0,35.1
孝感,2024-09,38.0,15.0,32.4
孝感,2024-10,29.0,9.0,24.1
孝感,2024-11,25.0,0.0,19.0
宁德,2023-12,27.0,3.0,16.5
宁德,2024-01,23.0,0.0,15.3
宁德,2024-02,27.0,6.0,15.3
宁德,2024-03,34.0,6.0,19.0
宁德,2024-04,32.0,14.0,23.6
宁德,2024-05,31.0,15.0,25.9
宁德,2024-06,38.0,18.0,29.1
宁德,2024-07,39.0,26.0,35.1
宁德,2024-08,37.0,25.0,33.7
宁德,2024-09,36.0,20.0,31.8
宁德,2024-10,31.0,17.0,26.3
宁德,2024-11,28.0,8.0,22.1
安庆,2023-12,21.0,-6.0,9.1
安庆,2024-01,19.0,-5.0,9.0
安庆,2024-02,23.0,-4.0,7.8
安庆,2024-03,30.0,-1.0,17.3
安庆,2024-04,28.0,10.0,22.3
安庆,2024-05,33.0,12.0,26.1
安庆,2024-06,35.0,17.0,28.8
安庆,2024-07,38.0,23.0,32.6
安庆,2024-08,38.0,24.0,34.8
安庆,2024-09,37.0,17.0,31.9
安庆,2024-10,28.0,9.0,21.9
安庆,2024-11,25.0,3.0,18.0
安康,2023-12,18.0,-3.0,10.0
安康,2024-01,16.0,-2.0,10.0
安康,2024-02,20.0,-2.0,9.7
安康,2024-03,31.0,1.0,19.3
安康,2024-04,32.0,8.0,24.1
安康,2024-05,36.0,12.0,28.3
安康,2024-06,39.0,16.0,31.0
安康,2024-07,38.0,20.0,30.9
安康,2024-08,39.0,22.0,35.6
安康,2024-09,40.0,10.0,32.9
安康,2024-10,29.0,8.0,21.6
安康,2024-11,22.0,0.0,15.1
安阳,2023-12,27.0,-13.0,4.9
安阳,2024-01,15.0,-9.0,5.0
安阳,2024-02,19.0,-7.0,6.9
安阳,2024-03,26.0,-1.0,16.7
安阳,2024-04,30.0,4.0,23.3
安阳,2024-05,35.0,10.0,28.4
安阳,2024-06,42.0,18.0,33.6
安阳,2024-07,36.0,19.0,30.7
安阳,2024-08,36.0,20.0,32.2
安阳,2024-09,34.0,11.0,27.2
安阳,2024-10,28.0,4.0,20.6
安阳,2024-11,24.0,0.0,14.8
安顺,2023-12,22.0,-4.0,10.5
安顺,2024-01,17.0,-6.0,8.4
安顺,2024-02,26.0,-2.0,10.6
安顺,2024-03,28.0,0.0,16.5
安顺,2024-04,32.0,11.0,24.0
安顺,2024-05,29.0,11.0,22.2
安顺,2024-06,29.0,15.0,24.0
安顺,2024-07,35.0,16.0,28.5
安顺,2024-08,34.0,19.0,30.7
安顺,2024-09,34.0,11.0,28.7
安顺,2024-10,28.0,10.0,21.2
安顺,2024-11,25.0,4.0,17.3
定西,2023-12,15.0,-18.0,4.2
定西,2024-01,11.0,-19.0,2.5
定西,2024-02,15.0,-11.0,2.5
定西,2024-03,23.0,-13.0,10.0
定西,2024-04,23.0,0.0,16.5
定西,2024-05,30.0,3.0,21.7
定西,2024-06,29.0,6.0,23.6
定西,2024-07,32.0,8.0,25.7
定西,2024-08,33.0,11.0,27.3
定西,2024-09,30.0,1.0,19.6
定西,2024-10,20.0,0.0,13.4
定西,2024-11,15.0,-14.0,7.7
宜宾,2023-12,21.0,1.0,13.4
宜宾,2024-01,19.0,2.0,12.2
宜宾,2024-02,24.0,4.0,13.2
宜宾,2024-03,30.0,7.0,20.5
宜宾,2024-04,33.0,12.0,24.9
宜宾,2024-05,36.0,14.0,27.0
宜宾,2024-06,35.0,18.0,27.1
宜宾,2024-07,37.0,23.0,31.3
宜宾,2024-08,41.0,22.0,36.9
宜宾,2024-09,39.0,15.0,34.1
宜宾,2024-10,29.0,14.0,21.8
宜宾,2024-11,26.0,8.0,17.6
宜昌,2023-12,25.0,-3.0,10.0
宜昌,2024-01,19.0,-4.0,9.5
宜昌,2024-02,24.0,-2.0,8.8
宜昌,2024-03,30.0,2.0,17.9
宜昌,2024-04,31.0,11.0,24.1
宜昌,2024-05,36.0,13.0,28.5
宜昌,2024-06,38.0,17.0,30.3
宜昌,2024-07,40.0,22.0,33.9
宜昌,2024-08,40.0,24.0,36.6
宜昌,2024-09,42.0,15.0,32.6
宜昌,2024-10,31.0,9.0,23.7
宜昌,2024-11,25.0,3.0,18.7
宜春,2023-12,24.0,-3.0,12.4
宜春,2024-01,22.0,-4.0,11.3
宜春,2024-02,29.0,0.0,10.0
宜春,2024-03,32.0,2.0,18.5
宜春,2024-04,31.0,13.0,22.4
宜春,2024-05,34.0,14.0,26.6
宜春,2024-06,35.0,17.0,27.4
宜春,2024-07,39.0,23.0,35.3
宜春,2024-08,38.0,25.0,34.6
宜春,2024-09,38.0,19.0,32.6
宜春,2024-10,30.0,11.0,23.8
宜春,2024-11,27.0,5.0,19.7
宝鸡,2023-12,23.0,-8.0,7.7
宝鸡,2024-01,16.0,-8.0,5.9
宝鸡,2024-02,17.0,-5.0,6.3
宝鸡,2024-03,29.0,-1.0,17.0
宝鸡,2024-04,29.0,6.0,22.8
宝鸡,2024-05,35.0,9.0,27.5
宝鸡,2024-06,39.0,14.0,31.7
宝鸡,2024-07,37.0,19.0,29.6
宝鸡,2024-08,35.0,20.0,31.8
宝鸡,2024-09,35.0,6.0,26.4
宝鸡,2024-10,26.0,4.0,19.4
宝鸡,2024-11,21.0,-3.0,13.3
宣城,2023-12,26.0,-6.0,10.3
宣城,2024-01,20.0,-6.0,9.8
宣城,2024-02,27.0,-2.0,8.8
宣城,2024-03,32.0,-2.0,18.0
宣城,2024-04,31.0,8.0,22.3
宣城,2024-05,34.0,12.0,26.8
宣城,2024-06,35.0,17.0,28.6
宣城,2024-07,39.0,23.0,34.3
宣城,2024-08,41.0,24.0,35.9
宣城,2024-09,37.0,16.0,31.3
宣城,2024-10,28.0,9.0,21.6
宣城,2024-11,25.0,3.0,17.8
宿州,2023-12,23.0,-9.0,7.4
宿州,2024-01,14.0,-8.0,6.9
宿州,2024-02,22.0,-8.0,6.5
宿州,2024-03,25.0,-2.0,14.8
宿州,2024-04,26.0,5.0,21.1
宿州,2024-05,34.0,9.0,27.9
宿州,2024-06,38.0,17.0,33.8
宿州,2024-07,37.0,19.0,32.4
宿州,2024-08,37.0,22.0,33.9
宿州,2024-09,36.0,11.0,29.5
宿州,2024-10,28.0,3.0,21.8
宿州,2024-11,24.0,0.0,16.1
宿迁,2023-12,22.0,-8.0,7.0
宿迁,2024-01,13.0,-7.0,6.1
宿迁,2024-02,21.0,-5.0,6.1
宿迁,2024-03,25.0,-1.0,14.7
宿迁,2024-04,26.0,7.0,21.9
宿迁,2024-05,33.0,11.0,26.4
宿迁,2024-06,37.0,18.0,31.3
宿迁,2024-07,37.0,21.0,31.7
宿迁,2024-08,37.0,24.0,33.6
宿迁,2024-09,36.0,15.0,29.2
宿迁,2024-10,26.0,6.0,21.0
宿迁,2024-11,23.0,1.0,16.0
岳阳,2023-12,24.0,-2.0,10.7
岳阳,2024-01,21.0,-3.0,10.0
岳阳,2024-02,28.0,-3.0,8.2
岳阳,2024-03,30.0,2.0,17.3
岳阳,2024-04,29.0,12.0,21.8
岳阳,2024-05,33.0,14.0,25.8
岳阳,2024-06,35.0,18.0,27.6
岳阳,2024-07,37.0,22.0,33.5
岳阳,2024-08,35.0,25.0,33.1
岳阳,2024-09,37.0,17.0,31.5
岳阳,2024-10,29.0,10.0,22.8
岳阳,2024-11,26.0,6.0,18.7
崇左,2023-12,28.0,5.0,19.6
崇左,2024-01,25.0,5.0,16.8
崇左,2024-02,30.0,7.0,19.2
崇左,2024-03,34.0,9.0,23.3
崇左,2024-04,38.0,18.0,29.8
崇左,2024-05,34.0,20.0,28.7
崇左,2024-06,35.0,22.0,31.1
崇左,2024-07,38.0,24.0,32.3
崇左,2024-08,37.0,25.0,32.9
崇左,2024-09,36.0,22.0,31.4
崇左,2024-10,33.0,14.0,29.1
崇左,2024-11,33.0,10.0,26.6
巢湖,2023-12,25.0,-7.0,8.5
巢湖,2024-01,18.0,-6.0,8.1
巢湖,2024-02,24.0,-3.0,7.7
巢湖,2024-03,31.0,-1.0,16.7
巢湖,2024-04,28.0,8.0,21.8
巢湖,2024-05,33.0,13.0,26.1
巢湖,2024-06,35.0,17.0,28.9
巢湖,2024-07,37.0,22.0,32.5
巢湖,2024-08,38.0,24.0,34.7
巢湖,2024-09,37.0,16.0,30.5
巢湖,2024-10,27.0,8.0,21.4
巢湖,2024-11,24.0,3.0,17.4
巴中,2023-12,17.0,0.0,10.5
巴中,2024-01,16.0,-1.0,9.4
巴中,2024-02,20.0,1.0,10.7
巴中,2024-03,28.0,3.0,17.7
巴中,2024-04,30.0,12.0,23.5
巴中,2024-05,34.0,13.0,27.0
巴中,2024-06,35.0,16.0,27.9
巴中,2024-07,36.0,20.0,30.1
巴中,2024-08,38.0,21.0,34.0
巴中,2024-09,38.0,13.0,32.6
巴中,2024-10,26.0,11.0,21.0
巴中,2024-11,21.0,0.0,15.0
巴州,2023-12,9.0,-15.0,-0.1
巴州,2024-01,3.0,-11.0,-0.4
巴州,2024-02,9.0,-8.0,2.8
巴州,2024-03,26.0,-4.0,15.0
巴州,2024-04,29.0,4.0,22.5
巴州,2024-05,35.0,11.0,30.4
巴州,2024-06,38.0,14.0,32.0
巴州,2024-07,39.0,16.0,32.8
巴州,2024-08,36.0,18.0,31.4
巴州,2024-09,32.0,7.0,26.0
巴州,2024-10,25.0,3.0,20.3
巴州,2024-11,18.0,-6.0,10.7
常州,2023-12,23.0,-7.0,10.0
常州,2024-01,19.0,-6.0,9.0
常州,2024-02,24.0,-2.0,8.5
常州,2024-03,31.0,-1.0,16.2
常州,2024-04,27.0,8.0,21.3
常州,2024-05,33.0,12.0,26.4
常州,2024-06,34.0,18.0,28.9
常州,2024-07,40.0,23.0,34.4
常州,2024-08,39.0,25.0,35.6
常州,2024-09,36.0,18.0,31.3
常州,2024-10,29.0,9.0,21.7
常州,2024-11,25.0,4.0,17.5
常德,2023-12,24.0,-1.0,11.1
常德,2024-01,21.0,-4.0,10.1
常德,2024-02,28.0,-4.0,8.5
常德,2024-03,32.0,2.0,17.9
常德,2024-04,30.0,10.0,22.2
常德,2024-05,35.0,13.0,27.1
常德,2024-06,36.0,17.0,28.1
常德,2024-07,40.0,22.0,34.6
常德,2024-08,38.0,24.0,34.9
常德,2024-09,39.0,17.0,32.0
常德,2024-10,31.0,9.0,23.0
常德,2024-11,24.0,5.0,18.3
平凉,2023-12,17.0,-16.0,4.4
平凉,2024-01,12.0,-17.0,3.1
平凉,2024-02,14.0,-12.0,2.5
平凉,2024-03,26.0,-11.0,12.8
平凉,2024-04,26.0,3.0,19.7
平凉,2024-05,31.0,5.0,24.0
平凉,2024-06,32.0,9.0,26.0
平凉,2024-07,30.0,12.0,25.7
平凉,2024-08,29.0,13.0,26.2
平凉,2024-09,28.0,3.0,20.5
平凉,2024-10,20.0,0.0,15.5
平凉,2024-11,15.0,-8.0,8.5
平安县,2023-12,14.0,-18.0,5.8
平安县,2024-01,10.0,-17.0,3.0
平安县,2024-02,18.0,-12.0,3.3
平安县,2024-03,21.0,-9.0,11.0
平安县,2024-04,23.0,0.0,15.6
平安县,2024-05,31.0,4.0,21.4
平安县,2024-06,28.0,8.0,22.9
平安县,2024-07,32.0,11.0,24.4
平安县,2024-08,30.0,9.0,25.5
平安县,2024-09,28.0,2.0,18.4
平安县,2024-10,21.0,-4.0,13.9
平安县,2024-11,18.0,-12.0,7.6
广元,2023-12,18.0,0.0,11.0
广元,2024-01,18.0,-2.0,9.9
广元,2024-02,20.0,1.0,10.7
广元,2024-03,29.0,2.0,19.5
广元,2024-04,31.0,11.0,24.4
广元,2024-05,35.0,12.0,28.4
广元,2024-06,37.0,16.0,29.4
广元,2024-07,36.0,19.0,29.8
广元,2024-08,39.0,20.0,34.4
广元,2024-09,38.0,12.0,31.0
广元,2024-10,27.0,11.0,20.8
广元,2024-11,24.0,-2.0,15.7
广安,2023-12,18.0,1.0,11.5
广安,2024-01,16.0,2.0,9.8
广安,2024-02,21.0,1.0,11.6
广安,2024-03,28.0,5.0,19.2
广安,2024-04,32.0,14.0,23.5
广安,2024-05,36.0,14.0,26.8
广安,2024-06,36.0,18.0,27.2
广安,2024-07,38.0,22.0,32.3
广安,2024-08,41.0,23.0,37.0
广安,2024-09,42.0,14.0,35.8
广安,2024-10,28.0,13.0,22.0
广安,2024-11,23.0,5.0,16.6
广州,2023-12,30.0,3.0,20.3
广州,2024-01,28.0,2.0,19.6
广州,2024-02,28.0,6.0,20.2
广州,2024-03,31.0,8.0,22.8
广州,2024-04,33.0,19.0,27.5
广州,2024-05,32.0,19.0,28.1
广州,2024-06,35.0,23.0,31.1
广州,2024-07,38.0,25.0,33.7
广州,2024-08,38.0,25.0,33.5
广州,2024-09,36.0,21.0,32.8
广州,2024-10,34.0,18.0,30.1
广州,2024-11,31.0,9.0,25.4
廊坊,2023-12,12.0,-18.0,1.8
廊坊,2024-01,7.0,-13.0,2.8
廊坊,2024-02,15.0,-9.0,6.1
廊坊,2024-03,23.0,-4.0,15.4
廊坊,2024-04,29.0,4.0,22.6
廊坊,2024-05,33.0,12.0,27.9
廊坊,2024-06,38.0,16.0,33.4
廊坊,2024-07,37.0,18.0,32.2
廊坊,2024-08,35.0,17.0,31.6
廊坊,2024-09,33.0,8.0,26.1
廊坊,2024-10,26.0,0.0,19.6
廊坊,2024-11,21.0,-4.0,13.6
延安,2023-12,19.0,-23.0,5.0
延安,2024-01,14.0,-20.0,4.0
延安,2024-02,18.0,-15.0,4.3
延安,2024-03,27.0,-11.0,15.3
延安,2024-04,29.0,4.0,22.6
延安,2024-05,34.0,5.0,26.6
延安,2024-06,37.0,10.0,28.8
延安,2024-07,36.0,14.0,30.3
延安,2024-08,34.0,13.0,28.3
延安,2024-09,28.0,3.0,23.6
延安,2024-10,23.0,0.0,17.0
延安,2024-11,18.0,-8.0,9.6
开封,2023-12,22.0,-11.0,6.3
开封,2024-01,15.0,-8.0,6.3
开封,2024-02,20.0,-8.0,7.4
开封,2024-03,26.0,0.0,16.9
开封,2024-04,30.0,5.0,23.6
开封,2024-05,37.0,11.0,28.9
开封,2024-06,39.0,19.0,33.7
开封,2024-07,37.0,20.0,31.3
开封,2024-08,37.0,22.0,33.1
开封,2024-09,37.0,11.0,28.2
开封,2024-10,27.0,6.0,21.8
开封,2024-11,24.0,1.0,15.7
张家口,2023-12,12.0,-24.0,-2.6
张家口,2024-01,6.0,-22.0,-2.5
张家口,2024-02,12.0,-14.0,0.3
张家口,2024-03,21.0,-11.0,10.8
张家口,2024-04,29.0,2.0,20.8
张家口,2024-05,36.0,2.0,26.1
张家口,2024-06,36.0,11.0,29.5
张家口,2024-07,39.0,12.0,31.1
张家口,2024-08,32.0,10.0,28.5
张家口,2024-09,26.0,3.0,21.4
张家口,2024-10,22.0,-2.0,15.7
张家口,2024-11,18.0,-14.0,8.3
张掖,2023-12,16.0,-20.0,2.2
张掖,2024-01,15.0,-21.0,1.8
张掖,2024-02,17.0,-15.0,1.2
张掖,2024-03,25.0,-9.0,13.5
张掖,2024-04,27.0,3.0,20.0
张掖,2024-05,38.0,7.0,29.5
张掖,2024-06,35.0,10.0,30.3
张掖,2024-07,38.0,15.0,32.0
张掖,2024-08,38.0,13.0,31.7
张掖,2024-09,34.0,0.0,23.3
张掖,2024-10,26.0,-2.0,21.0
张掖,2024-11,24.0,-15.0,12.6
徐州,2023-12,22.0,-9.0,7.1
徐州,2024-01,13.0,-7.0,6.4
徐州,2024-02,22.0,-6.0,7.0
徐州,2024-03,26.0,0.0,15.6
徐州,2024-04,29.0,7.0,23.1
徐州,2024-05,35.0,11.0,28.3
徐州,2024-06,38.0,18.0,32.8
徐州,2024-07,37.0,19.0,32.1
徐州,2024-08,37.0,22.0,34.1
徐州,2024-09,36.0,13.0,29.1
徐州,2024-10,27.0,6.0,21.2
徐州,2024-11,24.0,0.0,16.2
德州,2023-12,21.0,-20.0,2.7
德州,2024-01,10.0,-13.0,3.4
德州,2024-02,19.0,-10.0,6.2
德州,2024-03,23.0,-4.0,15.8
德州,2024-04,29.0,4.0,22.4
德州,2024-05,35.0,10.0,27.5
德州,2024-06,41.0,15.0,34.6
德州,2024-07,37.0,17.0,31.7
德州,2024-08,35.0,20.0,32.0
德州,2024-09,33.0,9.0,26.8
德州,2024-10,28.0,4.0,20.7
德州,2024-11,22.0,-6.0,14.1
德阳,2023-12,18.0,0.0,11.5
德阳,2024-01,18.0,-2.0,11.0
德阳,2024-02,20.0,0.0,12.3
德阳,2024-03,28.0,4.0,18.7
德阳,2024-04,31.0,10.0,24.8
德阳,2024-05,36.0,14.0,28.6
德阳,2024-06,35.0,17.0,29.3
德阳,2024-07,35.0,20.0,29.5
德阳,2024-08,37.0,21.0,33.2
德阳,2024-09,36.0,13.0,31.0
德阳,2024-10,27.0,11.0,21.5
德阳,2024-11,23.0,2.0,16.6
忻州,2023-12,19.0,-21.0,-0.7
忻州,2024-01,3.0,-21.0,-0.5
忻州,2024-02,13.0,-12.0,2.3
忻州,2024-03,26.0,-8.0,12.8
忻州,2024-04,30.0,2.0,21.7
忻州,2024-05,35.0,6.0,27.4
忻州,2024-06,36.0,12.0,30.2
忻州,2024-07,36.0,15.0,31.4
忻州,2024-08,33.0,13.0,28.2
忻州,2024-09,28.0,3.0,22.4
忻州,2024-10,22.0,-1.0,16.3
忻州,2024-11,16.0,-11.0,9.7
怀化,2023-12,26.0,-3.0,12.5
怀化,2024-01,20.0,-6.0,8.5
怀化,2024-02,28.0,-3.0,9.5
怀化,2024-03,32.0,2.0,18.7
怀化,2024-04,31.0,11.0,22.9
怀化,2024-05,35.0,13.0,25.5
怀化,2024-06,34.0,18.0,26.7
怀化,2024-07,38.0,22.0,34.1
怀化,2024-08,38.0,23.0,34.5
怀化,2024-09,38.0,15.0,32.7
怀化,2024-10,29.0,10.0,22.7
怀化,2024-11,28.0,5.0,19.3
思茅,2023-12,24.0,7.0,20.5
思茅,2024-01,23.0,8.0,20.2
思茅,2024-02,27.0,7.0,23.3
思茅,2024-03,29.0,12.0,27.0
思茅,2024-04,33.0,15.0,30.7
思茅,2024-05,32.0,15.0,28.5
思茅,2024-06,30.0,19.0,26.7
思茅,2024-07,29.0,18.0,26.3
思茅,2024-08,29.0,18.0,26.4
思茅,2024-09,29.0,17.0,26.5
思茅,2024-10,28.0,14.0,25.0
思茅,2024-11,25.0,10.0,21.5
恩施,2023-12,19.0,0.0,11.6
恩施,2024-01,19.0,0.0,10.1
恩施,2024-02,21.0,0.0,9.3
恩施,2024-03,30.0,3.0,17.8
恩施,2024-04,33.0,12.0,23.2
恩施,2024-05,35.0,14.0,27.1
恩施,2024-06,38.0,17.0,28.2
恩施,2024-07,38.0,21.0,31.6
恩施,2024-08,39.0,21.0,35.4
恩施,2024-09,39.0,17.0,34.6
恩施,2024-10,28.0,12.0,21.8
恩施,2024-11,24.0,3.0,17.1
成都,2023-12,19.0,0.0,12.5
成都,2024-01,17.0,-1.0,11.7
成都,2024-02,20.0,1.0,13.0
成都,2024-03,30.0,5.0,20.0
成都,2024-04,32.0,9.0,25.7
成都,2024-05,36.0,13.0,28.8
成都,2024-06,35.0,17.0,29.6
成都,2024-07,36.0,20.0,30.1
成都,2024-08,40.0,22.0,35.8
成都,2024-09,38.0,14.0,32.3
成都,2024-10,27.0,11.0,21.5
成都,2024-11,23.0,4.0,17.0
扬州,2023-12,23.0,-8.0,8.9
扬州,2024-01,18.0,-8.0,8.0
扬州,2024-02,23.0,-5.0,7.8
扬州,2024-03,30.0,-1.0,15.9
扬州,2024-04,28.0,7.0,21.9
扬州,2024-05,33.0,11.0,26.8
扬州,2024-06,36.0,18.0,30.1
扬州,2024-07,39.0,21.0,33.8
扬州,2024-08,40.0,24.0,35.3
扬州,2024-09,36.0,17.0,30.8
扬州,2024-10,27.0,8.0,21.4
扬州,2024-11,26.0,0.0,17.4
承德,2023-12,9.0,-22.0,-2.1
承德,2024-01,5.0,-19.0,-0.7
承德,2024-02,13.0,-16.0,3.1
承德,2024-03,22.0,-10.0,12.2
承德,2024-04,29.0,1.0,20.5
承德,2024-05,33.0,6.0,26.2
承德,2024-06,39.0,12.0,32.3
承德,2024-07,38.0,16.0,31.2
承德,2024-08,32.0,13.0,29.0
承德,2024-09,28.0,5.0,22.4
承德,2024-10,23.0,-4.0,17.2
承德,2024-11,18.0,-11.0,9.6
抚州,2023-12,28.0,-5.0,12.2
抚州,2024-01,21.0,-5.0,11.4
抚州,2024-02,29.0,-1.0,10.2
抚州,2024-03,32.0,2.0,18.6
抚州,2024-04,32.0,13.0,23.4
抚州,2024-05,34.0,15.0,27.3
抚州,2024-06,36.0,18.0,27.8
抚州,2024-07,39.0,25.0,35.5
抚州,2024-08,39.0,25.0,35.2
抚州,2024-09,38.0,20.0,32.7
抚州,2024-10,31.0,10.0,23.9
抚州,2024-11,29.0,3.0,19.7
拉萨,2023-12,15.0,-7.0,8.1
拉萨,2024-01,9.0,-9.0,4.2
拉萨,2024-02,13.0,-8.0,7.5
拉萨,2024-03,17.0,-2.0,12.9
拉萨,2024-04,18.0,-1.0,14.3
拉萨,2024-05,25.0,3.0,18.5
拉萨,2024-06,27.0,10.0,23.2
拉萨,2024-07,26.0,11.0,22.7
拉萨,2024-08,25.0,8.0,21.8
拉萨,2024-09,25.0,9.0,22.2
拉萨,2024-10,23.0,2.0,18.9
拉萨,2024-11,18.0,-5.0,13.0
揭阳,2023-12,29.0,5.0,21.5
揭阳,2024-01,26.0,2.0,20.0
揭阳,2024-02,28.0,7.0,21.6
揭阳,2024-03,32.0,9.0,22.9
揭阳,2024-04,34.0,18.0,27.0
揭阳,2024-05,33.0,18.0,27.6
揭阳,2024-06,35.0,20.0,30.8
揭阳,2024-07,37.0,24.0,33.0
揭阳,2024-08,38.0,25.0,33.8
揭阳,2024-09,36.0,24.0,33.0
揭阳,2024-10,33.0,20.0,29.7
揭阳,2024-11,33.0,10.0,25.9
攀枝花,2023-12,26.0,6.0,22.0
攀枝花,2024-01,23.0,5.0,20.9
攀枝花,2024-02,29.0,6.0,24.9
攀枝花,2024-03,33.0,9.0,29.6
攀枝花,2024-04,35.0,15.0,32.8
攀枝花,2024-05,36.0,15.0,31.3
攀枝花,2024-06,37.0,19.0,30.7
攀枝花,2024-07,35.0,20.0,31.3
攀枝花,2024-08,36.0,19.0,31.9
攀枝花,2024-09,34.0,14.0,30.2
攀枝花,2024-10,30.0,15.0,25.6
攀枝花,2024-11,28.0,9.0,22.3
文山县,2023-12,27.0,4.0,19.1
文山县,2024-01,23.0,4.0,16.9
文山县,2024-02,27.0,5.0,21.9
文山县,2024-03,31.0,7.0,24.7
文山县,2024-04,34.0,16.0,31.6
文山县,2024-05,32.0,16.0,27.6
文山县,2024-06,32.0,19.0,28.1
文山县,2024-07,35.0,20.0,28.4
文山县,2024-08,32.0,18.0,28.0
文山县,2024-09,31.0,15.0,27.1
文山县,2024-10,29.0,12.0,24.1
文山县,2024-11,28.0,7.0,21.6
新乡,2023-12,24.0,-14.0,5.5
新乡,2024-01,15.0,-8.0,6.0
新乡,2024-02,19.0,-6.0,7.5
新乡,2024-03,25.0,-1.0,16.7
新乡,2024-04,30.0,5.0,22.9
新乡,2024-05,36.0,10.0,28.4
新乡,2024-06,40.0,18.0,34.2
新乡,2024-07,36.0,20.0,31.2
新乡,2024-08,36.0,21.0,33.0
新乡,2024-09,35.0,11.0,27.6
新乡,2024-10,27.0,4.0,21.5
新乡,2024-11,23.0,0.0,15.3
新余,2023-12,25.0,-4.0,11.8
新余,2024-01,21.0,-5.0,10.6
新余,2024-02,28.0,0.0,9.8
新余,2024-03,31.0,2.0,18.1
新余,2024-04,30.0,13.0,22.0
新余,2024-05,34.0,14.0,26.0
新余,2024-06,34.0,17.0,26.7
新余,2024-07,38.0,24.0,34.0
新余,2024-08,38.0,24.0,34.4
新余,2024-09,38.0,19.0,32.4
新余,2024-10,30.0,10.0,23.5
新余,2024-11,26.0,5.0,19.1
无锡,2023-12,23.0,-6.0,10.0
无锡,2024-01,20.0,-5.0,9.3
无锡,2024-02,25.0,-2.0,8.9
无锡,2024-03,31.0,-1.0,16.7
无锡,2024-04,28.0,8.0,21.5
无锡,2024-05,33.0,11.0,26.4
无锡,2024-06,34.0,17.0,28.4
无锡,2024-07,39.0,23.0,34.7
无锡,2024-08,41.0,26.0,36.2
无锡,2024-09,37.0,18.0,31.7
无锡,2024-10,30.0,10.0,22.2
无锡,2024-11,25.0,2.0,18.0
日喀则,2023-12,12.0,-15.0,7.0
日喀则,2024-01,7.0,-16.0,3.7
日喀则,2024-02,12.0,-12.0,6.0
日喀则,2024-03,16.0,-6.0,10.7
日喀则,2024-04,20.0,-2.0,14.4
日喀则,2024-05,24.0,0.0,18.0
日喀则,2024-06,27.0,7.0,23.1
日喀则,2024-07,24.0,8.0,20.9
日喀则,2024-08,24.0,5.0,20.8
日喀则,2024-09,24.0,5.0,20.4
日喀则,2024-10,22.0,-5.0,17.6
日喀则,2024-11,17.0,-14.0,12.0
日照,2023-12,20.0,-10.0,5.4
日照,2024-01,10.0,-8.0,4.6
日照,2024-02,16.0,-6.0,4.8
日照,2024-03,23.0,-3.0,11.9
日照,2024-04,24.0,5.0,18.1
日照,2024-05,29.0,11.0,23.0
日照,2024-06,38.0,16.0,27.3
日照,2024-07,33.0,21.0,28.9
日照,2024-08,35.0,23.0,31.3
日照,2024-09,32.0,15.0,27.7
日照,2024-10,25.0,7.0,20.4
日照,2024-11,23.0,0.0,15.0
昆明,2023-12,20.0,4.0,16.1
昆明,2024-01,19.0,1.0,15.5
昆明,2024-02,23.0,3.0,18.8
昆明,2024-03,26.0,7.0,23.1
昆明,2024-04,28.0,12.0,26.4
昆明,2024-05,28.0,12.0,24.9
昆明,2024-06,29.0,16.0,24.8
昆明,2024-07,29.0,17.0,25.3
昆明,2024-08,30.0,17.0,26.4
昆明,2024-09,27.0,13.0,24.5
昆明,2024-10,24.0,10.0,20.5
昆明,2024-11,23.0,4.0,17.7
昌吉,2023-12,4.0,-25.0,-5.6
昌吉,2024-01,0.0,-28.0,-7.4
昌吉,2024-02,9.0,-27.0,-6.5
昌吉,2024-03,20.0,-18.0,7.3
昌吉,2024-04,28.0,0.0,19.4
昌吉,2024-05,36.0,7.0,27.2
昌吉,2024-06,37.0,13.0,31.9
昌吉,2024-07,38.0,13.0,32.0
昌吉,2024-08,39.0,13.0,31.5
昌吉,2024-09,30.0,0.0,22.3
昌吉,2024-10,24.0,0.0,16.4
昌吉,2024-11,16.0,-16.0,3.6
昌都县,2023-12,18.0,-12.0,9.1
昌都县,2024-01,10.0,-14.0,6.5
昌都县,2024-02,14.0,-12.0,8.7
昌都县,2024-03,18.0,-5.0,13.6
昌都县,2024-04,20.0,-1.0,14.3
昌都县,2024-05,28.0,2.0,19.7
昌都县,2024-06,27.0,9.0,22.5
昌都县,2024-07,27.0,8.0,23.9
昌都县,2024-08,31.0,7.0,26.5
昌都县,2024-09,29.0,6.0,24.3
昌都县,2024-10,23.0,-3.0,16.8
昌都县,2024-11,22.0,-10.0,13.9
昭通,2023-12,21.0,-4.0,12.7
昭通,2024-01,19.0,-5.0,11.8
昭通,2024-02,23.0,-4.0,14.8
昭通,2024-03,28.0,0.0,19.4
昭通,2024-04,30.0,7.0,22.9
昭通,2024-05,30.0,8.0,21.6
昭通,2024-06,28.0,12.0,21.7
昭通,2024-07,30.0,14.0,26.7
昭通,2024-08,32.0,13.0,28.5
昭通,2024-09,28.0,8.0,25.3
昭通,2024-10,24.0,6.0,17.3
昭通,2024-11,23.0,0.0,14.8
晋城,2023-12,23.0,-16.0,4.9
晋城,2024-01,14.0,-13.0,4.5
晋城,2024-02,19.0,-10.0,5.1
晋城,2024-03,26.0,-5.0,14.5
晋城,2024-04,29.0,4.0,21.8
晋城,2024-05,34.0,9.0,26.5
晋城,2024-06,39.0,14.0,30.7
晋城,2024-07,34.0,17.0,28.9
晋城,2024-08,33.0,15.0,29.9
晋城,2024-09,34.0,9.0,25.5
晋城,2024-10,26.0,2.0,18.5
晋城,2024-11,20.0,-3.0,12.0
景德镇,2023-12,27.0,-4.0,12.7
景德镇,2024-01,22.0,-5.0,12.1
景德镇,2024-02,27.0,-1.0,10.7
景德镇,2024-03,31.0,1.0,19.8
景德镇,2024-04,32.0,13.0,23.8
景德镇,2024-05,34.0,15.0,27.9
景德镇,2024-06,35.0,17.0,28.0
景德镇,2024-07,39.0,23.0,35.3
景德镇,2024-08,40.0,24.0,36.4
景德镇,2024-09,39.0,19.0,34.2
景德镇,2024-10,31.0,11.0,25.0
景德镇,2024-11,28.0,2.0,20.5
曲靖,2023-12,22.0,0.0,15.5
曲靖,2024-01,19.0,-2.0,14.7
曲靖,2024-02,24.0,2.0,19.3
曲靖,2024-03,28.0,4.0,23.3
曲靖,2024-04,30.0,12.0,27.9
曲靖,2024-05,31.0,11.0,24.9
曲靖,2024-06,30.0,15.0,24.7
曲靖,2024-07,32.0,17.0,26.9
曲靖,2024-08,30.0,16.0,27.7
曲靖,2024-09,28.0,11.0,25.2
曲靖,2024-10,25.0,9.0,20.9
曲靖,2024-11,23.0,4.0,17.5
朔州,2023-12,14.0,-28.0,-0.8
朔州,2024-01,11.0,-25.0,0.1
朔州,2024-02,19.0,-16.0,1.7
朔州,2024-03,24.0,-11.0,11.5
朔州,2024-04,27.0,1.0,20.9
朔州,2024-05,34.0,3.0,25.6
朔州,2024-06,34.0,10.0,27.9
朔州,2024-07,36.0,14.0,29.4
朔州,2024-08,33.0,11.0,27.3
朔州,2024-09,27.0,1.0,21.1
朔州,2024-10,23.0,-1.0,16.2
朔州,2024-11,18.0,-15.0,8.8
本溪,2023-12,13.0,-26.0,-3.4
本溪,2024-01,3.0,-24.0,-3.2
本溪,2024-02,11.0,-22.0,-0.3
本溪,2024-03,17.0,-10.0,7.9
本溪,2024-04,25.0,-2.0,18.7
本溪,2024-05,28.0,7.0,22.7
本溪,2024-06,33.0,11.0,28.2
本溪,2024-07,32.0,18.0,28.9
本溪,2024-08,33.0,16.0,30.2
本溪,2024-09,29.0,6.0,23.5
本溪,2024-10,23.0,-4.0,17.0
本溪,2024-11,20.0,-10.0,8.8
来宾,2023-12,29.0,3.0,18.4
来宾,2024-01,25.0,2.0,15.6
来宾,2024-02,30.0,3.0,15.6
来宾,2024-03,32.0,8.0,22.6
来宾,2024-04,33.0,16.0,27.4
来宾,2024-05,34.0,18.0,27.7
来宾,2024-06,35.0,22.0,30.7
来宾,2024-07,38.0,24.0,33.0
来宾,2024-08,36.0,24.0,32.8
来宾,2024-09,37.0,21.0,32.6
来宾,2024-10,33.0,14.0,28.2
来宾,2024-11,32.0,10.0,25.4
杭州,2023-12,25.0,-5.0,11.4
杭州,2024-01,22.0,-4.0,10.9
杭州,2024-02,25.0,-1.0,10.1
杭州,2024-03,31.0,-1.0,18.5
杭州,2024-04,30.0,10.0,22.0
杭州,2024-05,35.0,12.0,26.9
杭州,2024-06,34.0,17.0,27.7
杭州,2024-07,40.0,25.0,35.9
杭州,2024-08,41.0,24.0,37.4
杭州,2024-09,38.0,19.0,31.4
杭州,2024-10,30.0,12.0,22.2
杭州,2024-11,24.0,4.0,18.6
林芝县,2023-12,14.0,-5.0,10.4
林芝县,2024-01,13.0,-7.0,7.8
林芝县,2024-02,13.0,-8.0,8.7
林芝县,2024-03,18.0,-3.0,13.4
林芝县,2024-04,22.0,3.0,15.5
林芝县,2024-05,24.0,3.0,19.7
林芝县,2024-06,25.0,10.0,21.0
林芝县,2024-07,29.0,10.0,22.5
林芝县,2024-08,30.0,9.0,24.4
林芝县,2024-09,28.0,10.0,23.6
林芝县,2024-10,22.0,0.0,17.1
林芝县,2024-11,21.0,-5.0,14.3
枣庄,2023-12,21.0,-10.0,6.6
枣庄,2024-01,12.0,-9.0,6.5
枣庄,2024-02,21.0,-8.0,7.3
枣庄,2024-03,27.0,-3.0,15.6
枣庄,2024-04,28.0,6.0,23.3
枣庄,2024-05,35.0,11.0,29.0
枣庄,2024-06,39.0,18.0,33.4
枣庄,2024-07,37.0,20.0,31.8
枣庄,2024-08,37.0,21.0,33.8
枣庄,2024-09,36.0,11.0,30.0
枣庄,2024-10,27.0,5.0,21.4
枣庄,2024-11,23.0,-1.0,15.9
柳州,2023-12,28.0,2.0,17.4
柳州,2024-01,24.0,0.0,14.9
柳州,2024-02,29.0,0.0,14.0
柳州,2024-03,31.0,7.0,20.8
柳州,2024-04,31.0,14.0,25.5
柳州,2024-05,33.0,17.0,26.9
柳州,2024-06,36.0,21.0,29.5
柳州,2024-07,39.0,25.0,33.3
柳州,2024-08,37.0,26.0,33.4
柳州,2024-09,38.0,23.0,34.0
柳州,2024-10,33.0,16.0,28.5
柳州,2024-11,33.0,13.0,25.4
株洲,2023-12,22.0,-2.0,12.9
株洲,2024-01,22.0,-5.0,10.6
株洲,2024-02,28.0,-2.0,9.0
株洲,2024-03,32.0,3.0,18.9
株洲,2024-04,33.0,13.0,23.3
株洲,2024-05,35.0,14.0,27.0
株洲,2024-06,34.0,18.0,28.2
株洲,2024-07,39.0,23.0,35.4
株洲,2024-08,38.0,24.0,34.7
株洲,2024-09,38.0,17.0,32.7
株洲,2024-10,30.0,11.0,23.6
株洲,2024-11,28.0,5.0,19.9
桂林,2023-12,26.0,1.0,15.9
桂林,2024-01,21.0,-1.0,12.5
桂林,2024-02,28.0,0.0,11.8
桂林,2024-03,29.0,6.0,20.0
桂林,2024-04,33.0,14.0,25.2
桂林,2024-05,35.0,15.0,27.4
桂林,2024-06,34.0,20.0,28.9
桂林,2024-07,40.0,24.0,33.8
桂林,2024-08,37.0,24.0,33.4
桂林,2024-09,38.0,20.0,33.2
桂林,2024-10,32.0,14.0,26.5
桂林,2024-11,32.0,9.0,23.8
梧州,2023-12,29.0,2.0,18.3
梧州,2024-01,26.0,3.0,16.8
梧州,2024-02,28.0,5.0,16.1
梧州,2024-03,31.0,7.0,22.0
梧州,2024-04,33.0,17.0,27.4
梧州,2024-05,33.0,19.0,28.0
梧州,2024-06,35.0,23.0,31.2
梧州,2024-07,36.0,25.0,33.4
梧州,2024-08,37.0,24.0,33.7
梧州,2024-09,36.0,21.0,32.1
梧州,2024-10,32.0,15.0,28.7
梧州,2024-11,31.0,11.0,24.8
楚雄,2023-12,22.0,5.0,17.8
楚雄,2024-01,20.0,0.0,17.2
楚雄,2024-02,24.0,4.0,19.8
楚雄,2024-03,27.0,7.0,24.8
楚雄,2024-04,30.0,13.0,27.5
楚雄,2024-05,30.0,13.0,26.6
楚雄,2024-06,31.0,16.0,27.1
楚雄,2024-07,30.0,17.0,26.0
楚雄,2024-08,30.0,17.0,26.7
楚雄,2024-09,27.0,14.0,25.1
楚雄,2024-10,25.0,12.0,21.7
楚雄,2024-11,23.0,4.0,18.2
榆林,2023-12,16.0,-25.0,0.1
榆林,2024-01,8.0,-21.0,0.5
榆林,2024-02,14.0,-14.0,2.1
榆林,2024-03,25.0,-10.0,12.3
榆林,2024-04,28.0,2.0,20.6
榆林,2024-05,33.0,8.0,26.4
榆林,2024-06,36.0,12.0,29.1
榆林,2024-07,36.0,16.0,31.6
榆林,2024-08,33.0,14.0,27.4
榆林,2024-09,27.0,1.0,21.5
榆林,2024-10,21.0,0.0,16.0
榆林,2024-11,17.0,-7.0,8.2
武威,2023-12,16.0,-19.0,2.9
武威,2024-01,14.0,-20.0,2.5
武威,2024-02,19.0,-14.0,1.7
武威,2024-03,29.0,-13.0,12.7
武威,2024-04,27.0,2.0,19.3
武威,2024-05,35.0,8.0,26.8
武威,2024-06,33.0,12.0,27.8
武威,2024-07,35.0,14.0,28.7
武威,2024-08,34.0,14.0,29.1
武威,2024-09,30.0,1.0,20.3
武威,2024-10,24.0,-2.0,17.5
武威,2024-11,21.0,-14.0,9.4
武汉,2023-12,24.0,-5.0,10.3
武汉,2024-01,20.0,-6.0,9.5
武汉,2024-02,26.0,-4.0,8.1
武汉,2024-03,31.0,1.0,18.6
武汉,2024-04,30.0,11.0,23.5
武汉,2024-05,35.0,14.0,27.7
武汉,2024-06,37.0,18.0,29.5
武汉,2024-07,39.0,22.0,33.9
武汉,2024-08,38.0,23.0,35.3
武汉,2024-09,38.0,15.0,32.5
武汉,2024-10,29.0,8.0,23.7
武汉,2024-11,26.0,0.0,18.9
毕节,2023-12,26.0,-3.0,11.1
毕节,2024-01,22.0,-3.0,8.9
毕节,2024-02,29.0,-1.0,10.9
毕节,2024-03,29.0,1.0,17.3
毕节,2024-04,31.0,9.0,21.6
毕节,2024-05,31.0,8.0,21.6
毕节,2024-06,29.0,14.0,23.1
毕节,2024-07,32.0,15.0,28.7
毕节,2024-08,33.0,15.0,29.8
毕节,2024-09,32.0,10.0,27.0
毕节,2024-10,26.0,7.0,18.4
毕节,2024-11,25.0,2.0,14.4
汕头,2023-12,29.0,7.0,21.3
汕头,2024-01,24.0,4.0,19.2
汕头,2024-02,28.0,9.0,21.1
汕头,2024-03,32.0,9.0,22.2
汕头,2024-04,33.0,19.0,27.1
汕头,2024-05,33.0,18.0,27.4
汕头,2024-06,34.0,22.0,30.8
汕头,2024-07,37.0,26.0,33.1
汕头,2024-08,37.0,26.0,33.5
汕头,2024-09,36.0,24.0,32.8
汕头,2024-10,34.0,21.0,29.5
汕头,2024-11,30.0,13.0,25.6
汕尾,2023-12,29.0,7.0,22.0
汕尾,2024-01,26.0,5.0,20.8
汕尾,2024-02,28.0,10.0,22.4
汕尾,2024-03,31.0,10.0,22.6
汕尾,2024-04,29.0,19.0,26.7
汕尾,2024-05,32.0,20.0,27.7
汕尾,2024-06,33.0,22.0,29.7
汕尾,2024-07,34.0,25.0,31.7
汕尾,2024-08,34.0,24.0,31.0
汕尾,2024-09,35.0,24.0,31.7
汕尾,2024-10,33.0,20.0,29.8
汕尾,2024-11,31.0,13.0,25.8
池州,2023-12,23.0,-6.0,9.6
池州,2024-01,20.0,-6.0,8.9
池州,2024-02,27.0,-2.0,8.2
池州,2024-03,31.0,-3.0,17.3
池州,2024-04,30.0,9.0,22.3
池州,2024-05,34.0,11.0,26.6
池州,2024-06,35.0,16.0,28.9
池州,2024-07,38.0,23.0,33.6
池州,2024-08,38.0,24.0,35.4
池州,2024-09,38.0,16.0,31.6
池州,2024-10,29.0,8.0,21.8
池州,2024-11,25.0,3.0,18.0
沈阳,2023-12,14.0,-27.0,-3.4
沈阳,2024-01,4.0,-24.0,-3.7
沈阳,2024-02,13.0,-22.0,-1.0
沈阳,2024-03,16.0,-12.0,8.2
沈阳,2024-04,25.0,-2.0,19.1
沈阳,2024-05,29.0,6.0,23.6
沈阳,2024-06,34.0,10.0,29.0
沈阳,2024-07,33.0,17.0,28.9
沈阳,2024-08,33.0,16.0,30.4
沈阳,2024-09,30.0,6.0,23.5
沈阳,2024-10,23.0,-4.0,16.9
沈阳,2024-11,19.0,-11.0,8.7
沧州,2023-12,20.0,-22.0,2.4
沧州,2024-01,8.0,-15.0,3.0
沧州,2024-02,18.0,-10.0,5.7
沧州,2024-03,24.0,-2.0,15.5
沧州,2024-04,29.0,4.0,22.1
沧州,2024-05,34.0,11.0,27.7
沧州,2024-06,41.0,16.0,34.2
沧州,2024-07,39.0,17.0,32.1
沧州,2024-08,35.0,18.0,31.8
沧州,2024-09,31.0,7.0,26.3
沧州,2024-10,27.0,2.0,20.2
沧州,2024-11,22.0,-6.0,14.2
河池地区,2023-12,28.0,3.0,17.8
河池地区,2024-01,24.0,2.0,14.2
河池地区,2024-02,32.0,4.0,16.5
河池地区,2024-03,31.0,8.0,21.7
河池地区,2024-04,37.0,16.0,27.8
河池地区,2024-05,34.0,17.0,27.2
河池地区,2024-06,35.0,21.0,29.6
河池地区,2024-07,39.0,24.0,32.9
河池地区,2024-08,36.0,25.0,32.9
河池地区,2024-09,37.0,21.0,32.8
河池地区,2024-10,31.0,14.0,27.0
河池地区,2024-11,31.0,11.0,24.7
河源,2023-12,30.0,1.0,18.9
河源,2024-01,27.0,0.0,18.9
河源,2024-02,31.0,4.0,19.7
河源,2024-03,31.0,5.0,22.1
河源,2024-04,31.0,18.0,26.5
河源,2024-05,32.0,18.0,27.6
河源,2024-06,35.0,20.0,30.4
河源,2024-07,38.0,23.0,33.3
河源,2024-08,38.0,24.0,33.5
河源,2024-09,37.0,19.0,32.7
河源,2024-10,34.0,15.0,28.4
河源,2024-11,29.0,9.0,23.4
泉州,2023-12,30.0,5.0,18.8
泉州,2024-01,25.0,4.0,17.1
泉州,2024-02,28.0,7.0,17.9
泉州,2024-03,30.0,7.0,20.1
泉州,2024-04,32.0,15.0,24.8
泉州,2024-05,31.0,16.0,25.8
泉州,2024-06,33.0,19.0,29.4
泉州,2024-07,38.0,25.0,33.8
泉州,2024-08,36.0,25.0,32.4
泉州,2024-09,34.0,22.0,30.9
泉州,2024-10,31.0,19.0,27.3
泉州,2024-11,30.0,10.0,23.0
泰安,2023-12,19.0,-14.0,5.0
泰安,2024-01,11.0,-12.0,5.4
泰安,2024-02,20.0,-9.0,6.4
泰安,2024-03,24.0,-4.0,15.9
泰安,2024-04,29.0,6.0,23.7
泰安,2024-05,35.0,11.0,28.5
泰安,2024-06,39.0,16.0,33.5
泰安,2024-07,36.0,19.0,31.0
泰安,2024-08,36.0,22.0,32.8
泰安,2024-09,34.0,11.0,28.8
泰安,2024-10,27.0,5.0,20.9
泰安,2024-11,23.0,-4.0,14.9
泰州,2023-12,23.0,-7.0,8.6
泰州,2024-01,16.0,-7.0,7.5
泰州,2024-02,22.0,-3.0,7.7
泰州,2024-03,28.0,-1.0,15.0
泰州,2024-04,26.0,5.0,20.7
泰州,2024-05,32.0,10.0,25.7
泰州,2024-06,34.0,16.0,29.2
泰州,2024-07,38.0,20.0,33.5
泰州,2024-08,38.0,24.0,34.5
泰州,2024-09,36.0,18.0,30.3
泰州,2024-10,28.0,8.0,21.1
泰州,2024-11,26.0,1.0,17.1
洛阳,2023-12,23.0,-8.0,6.4
洛阳,2024-01,17.0,-8.0,6.1
洛阳,2024-02,19.0,-7.0,6.9
洛阳,2024-03,30.0,-2.0,16.5
洛阳,2024-04,31.0,8.0,22.7
洛阳,2024-05,37.0,11.0,28.5
洛阳,2024-06,41.0,18.0,33.0
洛阳,2024-07,36.0,19.0,30.4
洛阳,2024-08,35.0,19.0,31.7
洛阳,2024-09,36.0,12.0,27.2
洛阳,2024-10,27.0,4.0,20.3
洛阳,2024-11,22.0,0.0,14.3
济南,2023-12,23.0,-15.0,4.5
济南,2024-01,13.0,-10.0,5.0
济南,2024-02,20.0,-7.0,6.2
济南,2024-03,26.0,-2.0,16.1
济南,2024-04,31.0,8.0,24.0
济南,2024-05,37.0,13.0,28.5
济南,2024-06,40.0,19.0,34.5
济南,2024-07,37.0,17.0,31.7
济南,2024-08,36.0,20.0,32.6
济南,2024-09,34.0,10.0,27.9
济南,2024-10,28.0,5.0,20.9
济南,2024-11,24.0,-3.0,15.0
济宁,2023-12,20.0,-10.0,5.6
济宁,2024-01,13.0,-8.0,6.1
济宁,2024-02,19.0,-6.0,6.8
济宁,2024-03,26.0,-2.0,15.8
济宁,2024-04,29.0,8.0,23.6
济宁,2024-05,35.0,11.0,28.6
济宁,2024-06,39.0,20.0,33.9
济宁,2024-07,38.0,20.0,31.9
济宁,2024-08,37.0,22.0,33.5
济宁,2024-09,35.0,11.0,29.0
济宁,2024-10,27.0,5.0,21.5
济宁,2024-11,23.0,-1.0,15.2
济源,2023-12,25.0,-12.0,7.8
济源,2024-01,18.0,-6.0,7.0
济源,2024-02,20.0,-6.0,7.7
济源,2024-03,27.0,-2.0,17.3
济源,2024-04,31.0,5.0,23.5
济源,2024-05,38.0,12.0,29.8
济源,2024-06,42.0,18.0,34.9
济源,2024-07,38.0,19.0,31.9
济源,2024-08,36.0,18.0,33.1
济源,2024-09,37.0,11.0,28.6
济源,2024-10,28.0,2.0,21.9
济源,2024-11,23.0,-1.0,15.9
海口,2023-12,30.0,10.0,22.5
海口,2024-01,26.0,9.0,22.1
海口,2024-02,33.0,11.0,24.5
海口,2024-03,35.0,12.0,26.5
海口,2024-04,41.0,22.0,34.0
海口,2024-05,36.0,24.0,30.7
海口,2024-06,37.0,25.0,33.6
海口,2024-07,36.0,25.0,33.1
海口,2024-08,36.0,25.0,33.8
海口,2024-09,35.0,23.0,31.1
海口,2024-10,33.0,20.0,28.8
海口,2024-11,30.0,16.0,25.3
淄博,2023-12,23.0,-16.0,4.3
淄博,2024-01,12.0,-12.0,4.8
淄博,2024-02,21.0,-9.0,6.1
淄博,2024-03,24.0,-5.0,15.8
淄博,2024-04,31.0,4.0,24.0
淄博,2024-05,37.0,9.0,28.9
淄博,2024-06,40.0,15.0,34.8
淄博,2024-07,37.0,18.0,32.3
淄博,2024-08,36.0,20.0,32.8
淄博,2024-09,34.0,11.0,28.5
淄博,2024-10,28.0,4.0,21.3
淄博,2024-11,24.0,-4.0,15.4
淮北,2023-12,23.0,-8.0,7.0
淮北,2024-01,14.0,-7.0,6.6
淮北,2024-02,22.0,-7.0,6.8
淮北,2024-03,25.0,0.0,15.3
淮北,2024-04,28.0,5.0,22.3
淮北,2024-05,35.0,11.0,28.6
淮北,2024-06,39.0,18.0,34.0
淮北,2024-07,37.0,20.0,32.3
淮北,2024-08,37.0,22.0,34.0
淮北,2024-09,36.0,13.0,29.3
淮北,2024-10,28.0,6.0,21.5
淮北,2024-11,23.0,0.0,16.1
淮南,2023-12,24.0,-8.0,8.0
淮南,2024-01,18.0,-7.0,7.6
淮南,2024-02,24.0,-7.0,6.8
淮南,2024-03,30.0,0.0,15.8
淮南,2024-04,28.0,7.0,21.7
淮南,2024-05,34.0,11.0,27.3
淮南,2024-06,37.0,16.0,31.2
淮南,2024-07,38.0,21.0,32.4
淮南,2024-08,38.0,23.0,34.5
淮南,2024-09,36.0,14.0,29.6
淮南,2024-10,27.0,7.0,21.6
淮南,2024-11,24.0,2.0,16.7
深圳,2023-12,30.0,5.0,21.8
深圳,2024-01,27.0,4.0,21.3
深圳,2024-02,29.0,9.0,22.4
深圳,2024-03,31.0,8.0,23.7
深圳,2024-04,32.0,20.0,28.4
深圳,2024-05,32.0,21.0,28.4
深圳,2024-06,33.0,24.0,30.2
深圳,2024-07,35.0,25.0,31.9
深圳,2024-08,36.0,25.0,31.8
深圳,2024-09,34.0,23.0,31.7
深圳,2024-10,34.0,20.0,29.8
深圳,2024-11,31.0,13.0,24.5
清远,2023-12,28.0,3.0,18.9
清远,2024-01,27.0,2.0,18.4
清远,2024-02,26.0,6.0,17.9
清远,2024-03,31.0,6.0,21.8
清远,2024-04,32.0,17.0,26.4
清远,2024-05,33.0,18.0,27.9
清远,2024-06,34.0,23.0,30.8
清远,2024-07,37.0,25.0,33.5
清远,2024-08,37.0,24.0,33.6
清远,2024-09,37.0,20.0,32.6
清远,2024-10,33.0,16.0,28.9
清远,2024-11,31.0,12.0,24.4
温州,2023-12,25.0,-2.0,15.8
温州,2024-01,23.0,-4.0,14.7
温州,2024-02,25.0,2.0,14.3
温州,2024-03,30.0,2.0,19.2
温州,2024-04,32.0,12.0,23.4
温州,2024-05,33.0,13.0,26.3
温州,2024-06,37.0,16.0,28.0
温州,2024-07,37.0,24.0,34.7
温州,2024-08,39.0,24.0,35.3
温州,2024-09,36.0,18.0,31.8
温州,2024-10,31.0,13.0,25.3
温州,2024-11,27.0,6.0,21.7
渭南,2023-12,22.0,-9.0,5.7
渭南,2024-01,13.0,-11.0,4.1
渭南,2024-02,15.0,-7.0,5.1
渭南,2024-03,26.0,-2.0,15.5
渭南,2024-04,32.0,8.0,24.9
渭南,2024-05,39.0,9.0,30.5
渭南,2024-06,43.0,15.0,34.0
渭南,2024-07,38.0,20.0,31.3
渭南,2024-08,39.0,19.0,34.7
渭南,2024-09,39.0,11.0,32.1
渭南,2024-10,28.0,3.0,21.6
渭南,2024-11,20.0,-5.0,14.4
湖州,2023-12,24.0,-6.0,10.3
湖州,2024-01,21.0,-5.0,8.9
湖州,2024-02,25.0,-2.0,8.4
湖州,2024-03,31.0,-2.0,16.2
湖州,2024-04,27.0,9.0,21.2
湖州,2024-05,34.0,11.0,26.3
湖州,2024-06,34.0,17.0,27.9
湖州,2024-07,39.0,24.0,35.2
湖州,2024-08,40.0,24.0,36.0
湖州,2024-09,37.0,18.0,31.0
湖州,2024-10,31.0,10.0,21.7
湖州,2024-11,24.0,2.0,18.0
湘潭,2023-12,24.0,-3.0,12.7
湘潭,2024-01,22.0,-6.0,10.1
湘潭,2024-02,29.0,-2.0,8.9
湘潭,2024-03,32.0,3.0,18.5
湘潭,2024-04,33.0,13.0,23.3
湘潭,2024-05,35.0,13.0,26.7
湘潭,2024-06,34.0,18.0,28.3
湘潭,2024-07,41.0,22.0,35.6
湘潭,2024-08,39.0,24.0,35.2
湘潭,2024-09,40.0,18.0,33.0
湘潭,2024-10,32.0,8.0,23.5
湘潭,2024-11,28.0,5.0,19.7
湛江,2023-12,28.0,7.0,21.7
湛江,2024-01,25.0,5.0,20.2
湛江,2024-02,29.0,7.0,21.8
湛江,2024-03,33.0,8.0,23.2
湛江,2024-04,38.0,22.0,30.6
湛江,2024-05,34.0,22.0,28.5
湛江,2024-06,35.0,24.0,32.1
湛江,2024-07,35.0,24.0,31.7
湛江,2024-08,36.0,25.0,32.6
湛江,2024-09,35.0,22.0,31.3
湛江,2024-10,35.0,19.0,29.2
湛江,2024-11,32.0,14.0,26.5
滁州,2023-12,23.0,-8.0,8.8
滁州,2024-01,18.0,-7.0,8.0
滁州,2024-02,24.0,-6.0,7.3
滁州,2024-03,30.0,-1.0,16.0
滁州,2024-04,28.0,6.0,21.8
滁州,2024-05,33.0,11.0,26.5
滁州,2024-06,36.0,17.0,30.7
滁州,2024-07,38.0,21.0,32.6
滁州,2024-08,38.0,24.0,35.3
滁州,2024-09,38.0,15.0,30.2
滁州,2024-10,27.0,5.0,21.3
滁州,2024-11,25.0,0.0,17.0
滨州,2023-12,22.0,-18.0,3.3
滨州,2024-01,9.0,-11.0,3.2
滨州,2024-02,21.0,-9.0,5.9
滨州,2024-03,24.0,-4.0,15.2
滨州,2024-04,30.0,3.0,22.9
滨州,2024-05,35.0,10.0,28.0
滨州,2024-06,41.0,15.0,34.1
滨州,2024-07,37.0,18.0,31.9
滨州,2024-08,36.0,18.0,32.4
滨州,2024-09,34.0,10.0,27.7
滨州,2024-10,28.0,4.0,20.7
滨州,2024-11,23.0,-5.0,15.0
漯河,2023-12,23.0,-9.0,8.1
漯河,2024-01,15.0,-8.0,7.7
漯河,2024-02,21.0,-9.0,7.6
漯河,2024-03,28.0,0.0,17.1
漯河,2024-04,31.0,4.0,23.3
漯河,2024-05,37.0,10.0,30.4
漯河,2024-06,41.0,19.0,34.1
漯河,2024-07,38.0,20.0,32.2
漯河,2024-08,36.0,22.0,33.8
漯河,2024-09,38.0,11.0,29.4
漯河,2024-10,30.0,7.0,23.0
漯河,2024-11,24.0,0.0,16.9
漳州,2023-12,31.0,5.0,21.1
漳州,2024-01,26.0,3.0,19.3
漳州,2024-02,30.0,7.0,20.6
漳州,2024-03,32.0,8.0,22.0
漳州,2024-04,32.0,17.0,26.4
漳州,2024-05,33.0,17.0,27.3
漳州,2024-06,36.0,19.0,30.8
漳州,2024-07,39.0,25.0,34.4
漳州,2024-08,39.0,25.0,34.2
漳州,2024-09,36.0,23.0,33.3
漳州,2024-10,33.0,19.0,29.3
漳州,2024-11,33.0,9.0,25.5
潍坊,2023-12,24.0,-12.0,4.6
潍坊,2024-01,11.0,-10.0,4.2
潍坊,2024-02,21.0,-7.0,5.5
潍坊,2024-03,24.0,-3.0,14.7
潍坊,2024-04,29.0,3.0,22.8
潍坊,2024-05,35.0,11.0,27.4
潍坊,2024-06,39.0,16.0,32.9
潍坊,2024-07,37.0,19.0,31.4
潍坊,2024-08,37.0,21.0,33.0
潍坊,2024-09,35.0,12.0,28.4
潍坊,2024-10,26.0,5.0,20.7
潍坊,2024-11,24.0,-4.0,14.8
潮州,2023-12,30.0,5.0,21.8
潮州,2024-01,26.0,2.0,20.0
潮州,2024-02,29.0,6.0,21.3
潮州,2024-03,32.0,5.0,22.8
潮州,2024-04,33.0,17.0,26.8
潮州,2024-05,33.0,16.0,27.7
潮州,2024-06,34.0,21.0,30.5
潮州,2024-07,37.0,24.0,32.8
潮州,2024-08,37.0,24.0,33.5
潮州,2024-09,36.0,23.0,32.9
潮州,2024-10,33.0,19.0,29.2
潮州,2024-11,32.0,8.0,26.1
澳门,2023-12,27.0,7.0,21.0
澳门,2024-01,26.0,5.0,19.8
澳门,2024-02,27.0,9.0,21.9
澳门,2024-03,29.0,11.0,22.3
澳门,2024-04,31.0,21.0,28.1
澳门,2024-05,30.0,22.0,28.1
澳门,2024-06,34.0,24.0,30.7
澳门,2024-07,35.0,26.0,32.6
澳门,2024-08,35.0,26.0,32.2
澳门,2024-09,34.0,23.0,31.4
澳门,2024-10,32.0,21.0,29.5
澳门,2024-11,29.0,13.0,24.7
濮阳,2023-12,21.0,-13.0,4.8
濮阳,2024-01,12.0,-10.0,5.0
濮阳,2024-02,19.0,-7.0,6.8
濮阳,2024-03,24.0,-1.0,16.4
濮阳,2024-04,30.0,5.0,23.0
濮阳,2024-05,35.0,11.0,28.1
濮阳,2024-06,39.0,18.0,34.2
濮阳,2024-07,36.0,18.0,31.3
濮阳,2024-08,35.0,20.0,32.8
濮阳,2024-09,35.0,10.0,27.7
濮阳,2024-10,28.0,3.0,21.4
濮阳,2024-11,22.0,-2.0,15.4
烟台,2023-12,19.0,-10.0,3.5
烟台,2024-01,9.0,-10.0,3.1
烟台,2024-02,18.0,-5.0,3.4
烟台,2024-03,20.0,-5.0,11.3
烟台,2024-04,26.0,4.0,19.2
烟台,2024-05,30.0,11.0,23.2
烟台,2024-06,35.0,15.0,27.7
烟台,2024-07,35.0,19.0,28.7
烟台,2024-08,34.0,20.0,30.4
烟台,2024-09,32.0,15.0,26.0
烟台,2024-10,24.0,8.0,18.7
烟台,2024-11,23.0,-3.0,13.5
焦作,2023-12,23.0,-9.0,7.6
焦作,2024-01,16.0,-9.0,5.8
焦作,2024-02,17.0,-6.0,6.2
焦作,2024-03,26.0,-1.0,15.8
焦作,2024-04,29.0,7.0,22.3
焦作,2024-05,35.0,12.0,27.7
焦作,2024-06,40.0,21.0,33.1
焦作,2024-07,34.0,20.0,30.1
焦作,2024-08,35.0,19.0,31.7
焦作,2024-09,35.0,11.0,27.0
焦作,2024-10,27.0,4.0,20.1
焦作,2024-11,21.0,1.0,14.4
牡丹江,2023-12,4.0,-28.0,-9.4
牡丹江,2024-01,0.0,-27.0,-9.3
牡丹江,2024-02,10.0,-27.0,-3.5
牡丹江,2024-03,14.0,-17.0,3.1
牡丹江,2024-04,29.0,-5.0,17.3
牡丹江,2024-05,29.0,3.0,19.5
牡丹江,2024-06,31.0,9.0,23.7
牡丹江,2024-07,32.0,12.0,27.7
牡丹江,2024-08,32.0,13.0,28.0
牡丹江,2024-09,29.0,2.0,22.0
牡丹江,2024-10,23.0,-7.0,13.9
牡丹江,2024-11,17.0,-15.0,2.9
玉林,2023-12,28.0,3.0,19.0
玉林,2024-01,26.0,3.0,18.0
玉林,2024-02,28.0,6.0,17.6
玉林,2024-03,31.0,7.0,22.1
玉林,2024-04,33.0,17.0,27.9
玉林,2024-05,33.0,21.0,28.3
玉林,2024-06,34.0,23.0,31.2
玉林,2024-07,38.0,25.0,33.3
玉林,2024-08,37.0,24.0,33.1
玉林,2024-09,36.0,21.0,32.1
玉林,2024-10,34.0,16.0,29.1
玉林,2024-11,33.0,11.0,26.3
玉溪,2023-12,22.0,2.0,17.5
玉溪,2024-01,20.0,1.0,16.6
玉溪,2024-02,24.0,3.0,20.3
玉溪,2024-03,27.0,6.0,24.4
玉溪,2024-04,30.0,12.0,28.4
玉溪,2024-05,29.0,12.0,26.6
玉溪,2024-06,30.0,17.0,26.3
玉溪,2024-07,31.0,16.0,26.5
玉溪,2024-08,30.0,16.0,27.1
玉溪,2024-09,29.0,12.0,25.8
玉溪,2024-10,26.0,10.0,22.5
玉溪,2024-11,23.0,4.0,18.6
珠海,2023-12,28.0,7.0,20.7
珠海,2024-01,25.0,4.0,19.7
珠海,2024-02,26.0,9.0,20.8
珠海,2024-03,30.0,8.0,23.0
珠海,2024-04,33.0,21.0,28.4
珠海,2024-05,31.0,21.0,27.9
珠海,2024-06,33.0,23.0,30.3
珠海,2024-07,35.0,26.0,31.9
珠海,2024-08,36.0,25.0,32.2
珠海,2024-09,35.0,22.0,31.5
珠海,2024-10,33.0,22.0,29.0
珠海,2024-11,29.0,14.0,24.3
白城,2023-12,3.0,-30.0,-7.9
白城,2024-01,0.0,-22.0,-6.9
白城,2024-02,10.0,-22.0,-1.7
白城,2024-03,13.0,-17.0,5.3
白城,2024-04,27.0,-6.0,17.6
白城,2024-05,30.0,7.0,21.7
白城,2024-06,31.0,10.0,26.6
白城,2024-07,32.0,14.0,28.4
白城,2024-08,32.0,15.0,27.0
白城,2024-09,29.0,3.0,23.1
白城,2024-10,22.0,-5.0,14.1
白城,2024-11,11.0,-13.0,3.4
白山,2023-12,8.0,-33.0,-5.6
白山,2024-01,1.0,-28.0,-5.0
白山,2024-02,8.0,-24.0,-0.1
白山,2024-03,14.0,-18.0,4.6
白山,2024-04,26.0,-5.0,17.3
白山,2024-05,27.0,1.0,20.1
白山,2024-06,31.0,7.0,25.3
白山,2024-07,31.0,14.0,27.3
白山,2024-08,31.0,12.0,28.6
白山,2024-09,28.0,2.0,22.0
白山,2024-10,25.0,-6.0,14.7
白山,2024-11,19.0,-15.0,5.4
白银,2023-12,12.0,-17.0,3.1
白银,2024-01,10.0,-18.0,2.2
白银,2024-02,13.0,-12.0,2.3
白银,2024-03,25.0,-12.0,12.1
白银,2024-04,26.0,2.0,18.0
白银,2024-05,33.0,6.0,24.7
白银,2024-06,32.0,9.0,25.8
白银,2024-07,35.0,14.0,28.9
白银,2024-08,34.0,13.0,28.1
白银,2024-09,30.0,2.0,20.5
白银,2024-10,22.0,-1.0,15.5
白银,2024-11,16.0,-11.0,9.1
百色,2023-12,31.0,5.0,20.7
百色,2024-01,28.0,5.0,18.0
百色,2024-02,34.0,8.0,21.6
百色,2024-03,36.0,10.0,25.6
百色,2024-04,39.0,19.0,32.3
百色,2024-05,37.0,21.0,29.7
百色,2024-06,36.0,24.0,31.9
百色,2024-07,38.0,25.0,33.2
百色,2024-08,36.0,24.0,33.4
百色,2024-09,37.0,21.0,32.3
百色,2024-10,32.0,15.0,28.3
百色,2024-11,31.0,12.0,25.9
益阳,2023-12,25.0,-2.0,11.7
益阳,2024-01,22.0,-4.0,9.5
益阳,2024-02,28.0,-3.0,8.6
益阳,2024-03,31.0,3.0,17.8
益阳,2024-04,31.0,13.0,21.9
益阳,2024-05,35.0,14.0,26.6
益阳,2024-06,35.0,18.0,27.5
益阳,2024-07,39.0,23.0,34.3
益阳,2024-08,39.0,23.0,34.2
益阳,2024-09,39.0,17.0,31.3
益阳,2024-10,29.0,11.0,22.0
益阳,2024-11,25.0,5.0,18.5
盐城,2023-12,23.0,-8.0,7.8
盐城,2024-01,14.0,-8.0,6.7
盐城,2024-02,22.0,-4.0,7.2
盐城,2024-03,27.0,-2.0,14.4
盐城,2024-04,26.0,6.0,20.7
盐城,2024-05,31.0,9.0,25.3
盐城,2024-06,34.0,16.0,29.5
盐城,2024-07,37.0,20.0,32.7
盐城,2024-08,38.0,24.0,34.3
盐城,2024-09,35.0,16.0,29.5
盐城,2024-10,27.0,6.0,21.5
盐城,2024-11,23.0,0.0,16.8
盘锦,2023-12,12.0,-21.0,-2.1
盘锦,2024-01,5.0,-19.0,-1.9
盘锦,2024-02,9.0,-19.0,-0.1
盘锦,2024-03,14.0,-9.0,8.3
盘锦,2024-04,24.0,1.0,17.5
盘锦,2024-05,28.0,10.0,22.7
盘锦,2024-06,30.0,14.0,26.8
盘锦,2024-07,32.0,20.0,28.1
盘锦,2024-08,33.0,19.0,29.5
盘锦,2024-09,29.0,7.0,23.4
盘锦,2024-10,22.0,-2.0,16.5
盘锦,2024-11,19.0,-9.0,9.9
眉山,2023-12,18.0,0.0,12.6
眉山,2024-01,17.0,-1.0,11.5
眉山,2024-02,21.0,2.0,12.9
眉山,2024-03,29.0,5.0,19.5
眉山,2024-04,32.0,13.0,24.7
眉山,2024-05,36.0,13.0,27.6
眉山,2024-06,35.0,18.0,28.7
眉山,2024-07,36.0,22.0,29.9
眉山,2024-08,39.0,22.0,35.0
眉山,2024-09,37.0,14.0,31.6
眉山,2024-10,27.0,13.0,21.0
眉山,2024-11,24.0,6.0,16.8
石嘴山,2023-12,16.0,-24.0,1.3
石嘴山,2024-01,10.0,-22.0,1.1
石嘴山,2024-02,16.0,-16.0,3.2
石嘴山,2024-03,26.0,-15.0,14.3
石嘴山,2024-04,29.0,-2.0,21.9
石嘴山,2024-05,35.0,5.0,28.0
石嘴山,2024-06,36.0,9.0,29.2
石嘴山,2024-07,37.0,12.0,32.5
石嘴山,2024-08,34.0,11.0,29.1
石嘴山,2024-09,29.0,-2.0,21.3
石嘴山,2024-10,23.0,-2.0,18.0
石嘴山,2024-11,17.0,-9.0,9.9
石家庄,2023-12,24.0,-15.0,3.3
石家庄,2024-01,9.0,-10.0,3.9
石家庄,2024-02,14.0,-8.0,5.6
石家庄,2024-03,25.0,-3.0,16.3
石家庄,2024-04,30.0,7.0,22.7
石家庄,2024-05,35.0,9.0,28.0
石家庄,2024-06,41.0,18.0,34.8
石家庄,2024-07,38.0,19.0,31.7
石家庄,2024-08,35.0,18.0,31.5
石家庄,2024-09,32.0,11.0,26.1
石家庄,2024-10,26.0,2.0,19.8
石家庄,2024-11,24.0,0.0,14.4
石河子,2023-12,5.0,-26.0,-6.5
石河子,2024-01,-2.0,-24.0,-9.0
石河子,2024-02,1.0,-28.0,-8.5
石河子,2024-03,20.0,-15.0,6.9
石河子,2024-04,28.0,0.0,19.3
石河子,2024-05,36.0,9.0,27.2
石河子,2024-06,38.0,13.0,31.9
石河子,2024-07,38.0,14.0,32.7
石河子,2024-08,38.0,13.0,32.1
石河子,2024-09,30.0,1.0,22.4
石河子,2024-10,24.0,0.0,16.4
石河子,2024-11,16.0,-11.0,3.4
福州,2023-12,29.0,3.0,18.0
福州,2024-01,25.0,1.0,17.2
福州,2024-02,32.0,6.0,17.7
福州,2024-03,34.0,6.0,20.8
福州,2024-04,34.0,14.0,25.9
福州,2024-05,33.0,15.0,27.1
福州,2024-06,37.0,17.0,30.9
福州,2024-07,40.0,25.0,36.4
福州,2024-08,39.0,26.0,34.8
福州,2024-09,37.0,21.0,32.2
福州,2024-10,33.0,18.0,26.7
福州,2024-11,29.0,10.0,22.6
秦皇岛,2023-12,14.0,-18.0,1.1
秦皇岛,2024-01,6.0,-17.0,0.6
秦皇岛,2024-02,12.0,-12.0,2.1
秦皇岛,2024-03,16.0,-5.0,9.5
秦皇岛,2024-04,24.0,2.0,16.4
秦皇岛,2024-05,29.0,10.0,22.5
秦皇岛,2024-06,35.0,13.0,26.2
秦皇岛,2024-07,36.0,17.0,28.5
秦皇岛,2024-08,34.0,18.0,29.6
秦皇岛,2024-09,29.0,6.0,24.5
秦皇岛,2024-10,24.0,0.0,18.5
秦皇岛,2024-11,19.0,-8.0,12.4
绍兴,2023-12,26.0,-4.0,11.5
绍兴,2024-01,23.0,-4.0,11.3
绍兴,2024-02,27.0,0.0,10.5
绍兴,2024-03,32.0,0.0,18.5
绍兴,2024-04,30.0,10.0,22.1
绍兴,2024-05,34.0,11.0,26.5
绍兴,2024-06,35.0,16.0,27.6
绍兴,2024-07,40.0,26.0,36.2
绍兴,2024-08,40.0,25.0,36.2
绍兴,2024-09,37.0,19.0,30.5
绍兴,2024-10,33.0,11.0,22.3
绍兴,2024-11,23.0,3.0,18.4
绥化,2023-12,0.0,-30.0,-13.1
绥化,2024-01,-7.0,-32.0,-13.7
绥化,2024-02,4.0,-28.0,-6.8
绥化,2024-03,12.0,-18.0,1.7
绥化,2024-04,23.0,-5.0,15.2
绥化,2024-05,27.0,4.0,19.2
绥化,2024-06,30.0,11.0,23.1
绥化,2024-07,31.0,16.0,28.5
绥化,2024-08,30.0,13.0,26.7
绥化,2024-09,28.0,3.0,21.1
绥化,2024-10,21.0,-4.0,12.0
绥化,2024-11,8.0,-18.0,0.8
绵阳,2023-12,18.0,0.0,11.4
绵阳,2024-01,17.0,-1.0,10.8
绵阳,2024-02,19.0,1.0,11.5
绵阳,2024-03,27.0,5.0,18.1
绵阳,2024-04,30.0,13.0,24.1
绵阳,2024-05,34.0,13.0,27.3
绵阳,2024-06,34.0,18.0,28.8
绵阳,2024-07,35.0,21.0,29.6
绵阳,2024-08,39.0,21.0,34.4
绵阳,2024-09,38.0,14.0,31.2
绵阳,2024-10,26.0,12.0,21.2
绵阳,2024-11,24.0,4.0,16.6
聊城,2023-12,18.0,-15.0,4.0
聊城,2024-01,10.0,-9.0,4.4
聊城,2024-02,19.0,-7.0,6.6
聊城,2024-03,23.0,-2.0,15.7
聊城,2024-04,29.0,5.0,22.7
聊城,2024-05,35.0,11.0,27.8
聊城,2024-06,40.0,18.0,33.9
聊城,2024-07,36.0,17.0,31.4
聊城,2024-08,36.0,20.0,32.6
聊城,2024-09,34.0,11.0,27.8
聊城,2024-10,27.0,5.0,21.1
聊城,2024-11,23.0,-4.0,14.9
肇庆,2023-12,29.0,5.0,19.5
肇庆,2024-01,26.0,4.0,18.7
肇庆,2024-02,30.0,7.0,19.8
肇庆,2024-03,31.0,7.0,22.6
肇庆,2024-04,34.0,19.0,28.3
肇庆,2024-05,32.0,19.0,28.4
肇庆,2024-06,35.0,23.0,31.5
肇庆,2024-07,37.0,25.0,33.5
肇庆,2024-08,37.0,25.0,33.9
肇庆,2024-09,36.0,22.0,32.3
肇庆,2024-10,33.0,18.0,29.2
肇庆,2024-11,31.0,11.0,25.0
自贡,2023-12,19.0,2.0,13.4
自贡,2024-01,18.0,1.0,12.6
自贡,2024-02,22.0,4.0,13.6
自贡,2024-03,29.0,7.0,20.7
自贡,2024-04,33.0,13.0,25.1
自贡,2024-05,36.0,15.0,27.6
自贡,2024-06,36.0,19.0,28.0
自贡,2024-07,37.0,23.0,31.6
自贡,2024-08,41.0,22.0,36.4
自贡,2024-09,39.0,15.0,34.0
自贡,2024-10,28.0,14.0,21.7
自贡,2024-11,25.0,8.0,17.2
舟山,2023-12,24.0,-3.0,12.2
舟山,2024-01,18.0,-1.0,10.4
舟山,2024-02,26.0,0.0,10.1
舟山,2024-03,28.0,0.0,15.4
舟山,2024-04,26.0,8.0,19.4
舟山,2024-05,31.0,11.0,23.5
舟山,2024-06,32.0,17.0,26.3
舟山,2024-07,36.0,24.0,32.2
舟山,2024-08,38.0,24.0,34.4
舟山,2024-09,35.0,21.0,30.4
舟山,2024-10,29.0,15.0,23.4
舟山,2024-11,24.0,6.0,18.7
芜湖,2023-12,24.0,-6.0,9.6
芜湖,2024-01,18.0,-5.0,8.8
芜湖,2024-02,27.0,-3.0,8.4
芜湖,2024-03,31.0,-1.0,17.0
芜湖,2024-04,28.0,8.0,22.0
芜湖,2024-05,33.0,13.0,26.3
芜湖,2024-06,34.0,17.0,28.7
芜湖,2024-07,38.0,22.0,33.6
芜湖,2024-08,39.0,24.0,35.5
芜湖,2024-09,37.0,16.0,31.1
芜湖,2024-10,27.0,9.0,21.4
芜湖,2024-11,23.0,4.0,17.4
苏州,2023-12,23.0,-5.0,9.9
苏州,2024-01,20.0,-5.0,9.4
苏州,2024-02,24.0,-1.0,8.8
苏州,2024-03,31.0,0.0,16.3
苏州,2024-04,28.0,8.0,20.9
苏州,2024-05,34.0,12.0,25.8
苏州,2024-06,34.0,18.0,28.1
苏州,2024-07,39.0,23.0,34.5
苏州,2024-08,39.0,26.0,35.7
苏州,2024-09,36.0,18.0,30.6
苏州,2024-10,30.0,11.0,21.9
苏州,2024-11,24.0,4.0,17.7
茂名,2023-12,30.0,6.0,22.2
茂名,2024-01,27.0,5.0,21.0
茂名,2024-02,28.0,8.0,22.2
茂名,2024-03,31.0,9.0,24.2
茂名,2024-04,34.0,22.0,29.1
茂名,2024-05,34.0,22.0,29.8
茂名,2024-06,34.0,24.0,32.0
茂名,2024-07,35.0,25.0,32.6
茂名,2024-08,36.0,25.0,33.4
茂名,2024-09,36.0,22.0,32.4
茂名,2024-10,35.0,18.0,30.3
茂名,2024-11,32.0,11.0,27.3
荆州,2023-12,23.0,-4.0,10.2
荆州,2024-01,18.0,-5.0,9.4
荆州,2024-02,26.0,-2.0,8.2
荆州,2024-03,30.0,1.0,18.1
荆州,2024-04,32.0,11.0,23.0
荆州,2024-05,36.0,14.0,28.3
荆州,2024-06,37.0,18.0,29.3
荆州,2024-07,38.0,22.0,33.2
荆州,2024-08,39.0,24.0,35.1
荆州,2024-09,39.0,15.0,32.7
荆州,2024-10,30.0,9.0,23.5
荆州,2024-11,25.0,3.0,18.5
荆门,2023-12,23.0,-3.0,9.2
荆门,2024-01,18.0,-4.0,8.8
荆门,2024-02,22.0,-6.0,7.4
荆门,2024-03,29.0,1.0,17.7
荆门,2024-04,29.0,10.0,22.4
荆门,2024-05,34.0,13.0,27.3
荆门,2024-06,37.0,18.0,30.0
荆门,2024-07,38.0,21.0,31.8
荆门,2024-08,38.0,23.0,34.4
荆门,2024-09,39.0,15.0,31.3
荆门,2024-10,29.0,7.0,22.4
荆门,2024-11,23.0,5.0,17.3
莆田,2023-12,28.0,5.0,18.5
莆田,2024-01,25.0,3.0,17.3
莆田,2024-02,29.0,7.0,17.3
莆田,2024-03,31.0,7.0,20.2
莆田,2024-04,32.0,15.0,24.7
莆田,2024-05,31.0,16.0,26.2
莆田,2024-06,35.0,19.0,30.1
莆田,2024-07,38.0,26.0,34.3
莆田,2024-08,36.0,25.0,32.8
莆田,2024-09,35.0,22.0,31.6
莆田,2024-10,32.0,19.0,27.2
莆田,2024-11,31.0,10.0,23.4
莱芜,2023-12,19.0,-14.0,4.2
莱芜,2024-01,12.0,-12.0,4.5
莱芜,2024-02,20.0,-8.0,5.6
莱芜,2024-03,24.0,-4.0,15.3
莱芜,2024-04,30.0,7.0,23.9
莱芜,2024-05,35.0,10.0,28.1
莱芜,2024-06,38.0,19.0,32.9
莱芜,2024-07,36.0,17.0,30.8
莱芜,2024-08,35.0,19.0,32.3
莱芜,2024-09,33.0,9.0,28.1
莱芜,2024-10,26.0,3.0,20.3
莱芜,2024-11,23.0,-6.0,14.3
菏泽,2023-12,22.0,-9.0,5.4
菏泽,2024-01,13.0,-8.0,5.8
菏泽,2024-02,21.0,-7.0,7.0
菏泽,2024-03,25.0,-1.0,16.5
菏泽,2024-04,29.0,6.0,23.3
菏泽,2024-05,36.0,12.0,28.6
菏泽,2024-06,39.0,19.0,33.9
菏泽,2024-07,36.0,19.0,31.5
菏泽,2024-08,36.0,22.0,33.2
菏泽,2024-09,36.0,11.0,28.3
菏泽,2024-10,28.0,6.0,21.7
菏泽,2024-11,24.0,0.0,15.4
萍乡,2023-12,23.0,-3.0,12.8
萍乡,2024-01,23.0,-5.0,11.2
萍乡,2024-02,30.0,-2.0,9.3
萍乡,2024-03,33.0,3.0,18.8
萍乡,2024-04,32.0,14.0,23.2
萍乡,2024-05,36.0,14.0,26.8
萍乡,2024-06,34.0,18.0,28.2
萍乡,2024-07,40.0,24.0,35.8
萍乡,2024-08,38.0,25.0,34.9
萍乡,2024-09,38.0,19.0,33.0
萍乡,2024-10,31.0,9.0,23.8
萍乡,2024-11,27.0,5.0,20.0
营口,2023-12,14.0,-22.0,-1.7
营口,2024-01,5.0,-20.0,-1.9
营口,2024-02,12.0,-18.0,0.1
营口,2024-03,16.0,-8.0,7.6
营口,2024-04,24.0,0.0,17.2
营口,2024-05,26.0,10.0,22.0
营口,2024-06,31.0,15.0,26.6
营口,2024-07,34.0,19.0,28.3
营口,2024-08,33.0,19.0,29.6
营口,2024-09,29.0,7.0,23.4
营口,2024-10,22.0,-2.0,16.4
营口,2024-11,19.0,-6.0,10.0
葫芦岛,2023-12,10.0,-21.0,-1.0
葫芦岛,2024-01,7.0,-20.0,-0.3
葫芦岛,2024-02,14.0,-20.0,1.4
葫芦岛,2024-03,17.0,-9.0,9.4
葫芦岛,2024-04,27.0,1.0,17.9
葫芦岛,2024-05,30.0,9.0,23.8
葫芦岛,2024-06,35.0,13.0,27.7
葫芦岛,2024-07,34.0,18.0,28.9
葫芦岛,2024-08,32.0,17.0,29.4
葫芦岛,2024-09,30.0,6.0,23.9
葫芦岛,2024-10,25.0,-3.0,17.5
葫芦岛,2024-11,21.0,-10.0,10.9
蚌埠,2023-12,24.0,-9.0,8.3
蚌埠,2024-01,18.0,-7.0,7.5
蚌埠,2024-02,24.0,-8.0,6.8
蚌埠,2024-03,28.0,0.0,15.9
蚌埠,2024-04,28.0,6.0,22.3
蚌埠,2024-05,34.0,11.0,27.8
蚌埠,2024-06,38.0,17.0,31.9
蚌埠,2024-07,38.0,21.0,32.6
蚌埠,2024-08,38.0,23.0,34.6
蚌埠,2024-09,36.0,13.0,29.7
蚌埠,2024-10,27.0,5.0,21.8
蚌埠,2024-11,23.0,1.0,16.7
衡水,2023-12,22.0,-17.0,3.1
衡水,2024-01,9.0,-10.0,3.9
衡水,2024-02,18.0,-7.0,6.4
衡水,2024-03,25.0,-3.0,16.4
衡水,2024-04,30.0,5.0,23.0
衡水,2024-05,35.0,12.0,28.3
衡水,2024-06,41.0,17.0,35.1
衡水,2024-07,38.0,19.0,32.4
衡水,2024-08,36.0,19.0,32.7
衡水,2024-09,33.0,10.0,26.8
衡水,2024-10,28.0,3.0,20.7
衡水,2024-11,23.0,-2.0,14.5
衡阳,2023-12,28.0,-1.0,13.0
衡阳,2024-01,23.0,-4.0,10.1
衡阳,2024-02,30.0,-2.0,9.4
衡阳,2024-03,33.0,3.0,18.5
衡阳,2024-04,33.0,12.0,23.6
衡阳,2024-05,34.0,15.0,26.6
衡阳,2024-06,35.0,18.0,28.8
衡阳,2024-07,39.0,22.0,35.4
衡阳,2024-08,38.0,24.0,34.1
衡阳,2024-09,38.0,18.0,32.6
衡阳,2024-10,30.0,11.0,23.4
衡阳,2024-11,27.0,6.0,20.1
衢州,2023-12,23.0,-5.0,12.8
衢州,2024-01,21.0,-6.0,11.6
衢州,2024-02,28.0,0.0,10.6
衢州,2024-03,33.0,0.0,19.2
衢州,2024-04,32.0,12.0,23.1
衢州,2024-05,35.0,13.0,27.0
衢州,2024-06,34.0,16.0,27.0
衢州,2024-07,39.0,25.0,36.3
衢州,2024-08,42.0,24.0,36.8
衢州,2024-09,38.0,18.0,32.7
衢州,2024-10,32.0,11.0,23.5
衢州,2024-11,25.0,2.0,19.1
襄樊,2023-12,21.0,-3.0,8.3
襄樊,2024-01,14.0,-4.0,7.8
襄樊,2024-02,18.0,-5.0,7.2
襄樊,2024-03,27.0,1.0,17.3
襄樊,2024-04,28.0,10.0,21.9
襄樊,2024-05,33.0,13.0,27.3
襄樊,2024-06,37.0,18.0,30.3
襄樊,2024-07,36.0,21.0,30.6
襄樊,2024-08,36.0,22.0,33.4
襄樊,2024-09,37.0,13.0,30.0
襄樊,2024-10,29.0,7.0,21.9
襄樊,2024-11,24.0,3.0,16.2
西宁,2023-12,11.0,-18.0,4.4
西宁,2024-01,10.0,-17.0,3.0
西宁,2024-02,16.0,-13.0,3.6
西宁,2024-03,21.0,-9.0,10.7
西宁,2024-04,23.0,1.0,15.3
西宁,2024-05,30.0,2.0,20.8
西宁,2024-06,27.0,7.0,21.9
西宁,2024-07,29.0,10.0,23.5
西宁,2024-08,29.0,8.0,24.9
西宁,2024-09,27.0,0.0,19.1
西宁,2024-10,20.0,-2.0,13.8
西宁,2024-11,17.0,-12.0,7.3
西安,2023-12,22.0,-7.0,7.4
西安,2024-01,16.0,-8.0,6.6
西安,2024-02,17.0,-4.0,7.3
西安,2024-03,31.0,0.0,18.2
西安,2024-04,31.0,9.0,24.4
西安,2024-05,38.0,11.0,29.5
西安,2024-06,40.0,15.0,32.8
西安,2024-07,37.0,20.0,30.8
西安,2024-08,39.0,20.0,34.4
西安,2024-09,39.0,12.0,31.5
西安,2024-10,28.0,6.0,21.0
西安,2024-11,19.0,-2.0,14.0
西沙,2023-12,29.0,21.0,26.8
西沙,2024-01,27.0,21.0,25.6
西沙,2024-02,29.0,20.0,26.7
西沙,2024-03,31.0,23.0,28.7
西沙,2024-04,33.0,26.0,31.0
西沙,2024-05,34.0,26.0,31.3
西沙,2024-06,33.0,27.0,31.8
西沙,2024-07,34.0,26.0,31.7
西沙,2024-08,34.0,26.0,32.6
西沙,2024-09,33.0,26.0,31.5
西沙,2024-10,32.0,25.0,30.0
西沙,2024-11,30.0,23.0,28.4
许昌,2023-12,21.0,-9.0,7.1
许昌,2024-01,14.0,-7.0,7.1
许昌,2024-02,19.0,-11.0,7.3
许昌,2024-03,27.0,0.0,16.5
许昌,2024-04,28.0,5.0,22.5
许昌,2024-05,35.0,9.0,29.3
许昌,2024-06,40.0,18.0,34.2
许昌,2024-07,36.0,19.0,31.5
许昌,2024-08,36.0,22.0,33.0
许昌,2024-09,37.0,12.0,28.6
许昌,2024-10,28.0,4.0,22.4
许昌,2024-11,24.0,0.0,16.3
贵港,2023-12,29.0,4.0,18.9
贵港,2024-01,25.0,3.0,16.3
贵港,2024-02,29.0,4.0,16.9
贵港,2024-03,31.0,7.0,22.5
贵港,2024-04,34.0,16.0,28.4
贵港,2024-05,35.0,19.0,28.4
贵港,2024-06,35.0,23.0,31.2
贵港,2024-07,36.0,24.0,33.2
贵港,2024-08,37.0,25.0,33.0
贵港,2024-09,36.0,22.0,32.0
贵港,2024-10,33.0,16.0,28.6
贵港,2024-11,33.0,13.0,26.1
贵阳,2023-12,23.0,-2.0,11.8
贵阳,2024-01,20.0,-6.0,9.6
贵阳,2024-02,27.0,-3.0,10.8
贵阳,2024-03,29.0,0.0,18.5
贵阳,2024-04,31.0,10.0,23.2
贵阳,2024-05,30.0,10.0,21.6
贵阳,2024-06,29.0,14.0,23.6
贵阳,2024-07,35.0,20.0,28.3
贵阳,2024-08,34.0,19.0,29.8
贵阳,2024-09,32.0,12.0,28.3
贵阳,2024-10,25.0,8.0,20.3
贵阳,2024-11,26.0,5.0,17.0
贺州地区,2023-12,29.0,0.0,17.0
贺州地区,2024-01,25.0,0.0,14.7
贺州地区,2024-02,28.0,1.0,13.0
贺州地区,2024-03,30.0,5.0,21.0
贺州地区,2024-04,32.0,14.0,25.1
贺州地区,2024-05,35.0,17.0,27.5
贺州地区,2024-06,34.0,20.0,30.4
贺州地区,2024-07,39.0,24.0,34.1
贺州地区,2024-08,37.0,24.0,33.7
贺州地区,2024-09,37.0,21.0,32.8
贺州地区,2024-10,32.0,14.0,28.0
贺州地区,2024-11,31.0,10.0,24.2
资阳,2023-12,18.0,0.0,12.9
资阳,2024-01,18.0,0.0,11.7
资阳,2024-02,22.0,1.0,13.3
资阳,2024-03,31.0,5.0,20.8
资阳,2024-04,34.0,12.0,25.2
资阳,2024-05,37.0,14.0,28.3
资阳,2024-06,35.0,18.0,28.4
资阳,2024-07,37.0,22.0,30.4
资阳,2024-08,41.0,22.0,36.3
资阳,2024-09,38.0,15.0,33.8
资阳,2024-10,27.0,12.0,21.4
资阳,2024-11,24.0,4.0,16.8
赣州,2023-12,29.0,-1.0,15.5
赣州,2024-01,25.0,-2.0,14.6
赣州,2024-02,29.0,2.0,14.1
赣州,2024-03,30.0,4.0,20.0
赣州,2024-04,32.0,15.0,25.1
赣州,2024-05,34.0,17.0,27.9
赣州,2024-06,36.0,18.0,30.6
赣州,2024-07,39.0,25.0,35.5
赣州,2024-08,38.0,25.0,34.6
赣州,2024-09,37.0,18.0,32.8
赣州,2024-10,33.0,12.0,25.7
赣州,2024-11,28.0,6.0,21.3
赤峰,2023-12,11.0,-24.0,-4.2
赤峰,2024-01,5.0,-23.0,-3.2
赤峰,2024-02,16.0,-20.0,0.6
赤峰,2024-03,19.0,-14.0,8.3
赤峰,2024-04,29.0,-4.0,17.5
赤峰,2024-05,34.0,6.0,23.7
赤峰,2024-06,35.0,12.0,28.8
赤峰,2024-07,34.0,14.0,29.4
赤峰,2024-08,32.0,14.0,27.0
赤峰,2024-09,27.0,4.0,21.7
赤峰,2024-10,23.0,-6.0,15.2
赤峰,2024-11,16.0,-12.0,7.9
辽源,2023-12,11.0,-28.0,-6.0
辽源,2024-01,2.0,-29.0,-5.8
辽源,2024-02,12.0,-27.0,-2.2
辽源,2024-03,17.0,-17.0,6.0
辽源,2024-04,26.0,-7.0,17.5
辽源,2024-05,29.0,4.0,21.4
辽源,2024-06,34.0,11.0,27.2
辽源,2024-07,32.0,13.0,28.2
辽源,2024-08,31.0,13.0,29.0
辽源,2024-09,28.0,3.0,22.3
辽源,2024-10,24.0,-7.0,15.1
辽源,2024-11,16.0,-16.0,5.8
辽阳,2023-12,14.0,-26.0,-2.3
辽阳,2024-01,5.0,-22.0,-2.2
辽阳,2024-02,12.0,-20.0,-0.3
辽阳,2024-03,17.0,-9.0,8.9
辽阳,2024-04,25.0,-2.0,19.6
辽阳,2024-05,30.0,8.0,24.2
辽阳,2024-06,35.0,12.0,29.7
辽阳,2024-07,35.0,18.0,29.6
辽阳,2024-08,34.0,17.0,31.1
辽阳,2024-09,29.0,6.0,24.3
辽阳,2024-10,24.0,-4.0,17.9
辽阳,2024-11,20.0,-10.0,10.0
达州,2023-12,18.0,1.0,11.8
达州,2024-01,17.0,1.0,10.7
达州,2024-02,22.0,1.0,11.9
达州,2024-03,29.0,5.0,19.2
达州,2024-04,32.0,13.0,24.2
达州,2024-05,36.0,14.0,27.6
达州,2024-06,38.0,18.0,29.0
达州,2024-07,38.0,23.0,32.2
达州,2024-08,41.0,22.0,36.8
达州,2024-09,41.0,15.0,36.0
达州,2024-10,29.0,13.0,22.6
达州,2024-11,23.0,2.0,16.9
运城,2023-12,21.0,-11.0,5.7
运城,2024-01,11.0,-10.0,5.3
运城,2024-02,19.0,-6.0,6.9
运城,2024-03,29.0,-2.0,18.2
运城,2024-04,33.0,8.0,24.7
运城,2024-05,37.0,11.0,29.6
运城,2024-06,41.0,16.0,32.9
运城,2024-07,36.0,20.0,31.8
运城,2024-08,36.0,20.0,32.9
运城,2024-09,36.0,8.0,29.8
运城,2024-10,28.0,4.0,21.7
运城,2024-11,21.0,-5.0,14.4
连云港,2023-12,21.0,-9.0,7.0
连云港,2024-01,11.0,-8.0,5.9
连云港,2024-02,23.0,-8.0,6.5
连云港,2024-03,23.0,-3.0,14.1
连云港,2024-04,26.0,4.0,20.7
连云港,2024-05,33.0,9.0,26.2
连云港,2024-06,38.0,16.0,31.4
连云港,2024-07,36.0,21.0,30.8
连云港,2024-08,36.0,21.0,32.7
连云港,2024-09,34.0,14.0,28.9
连云港,2024-10,26.0,5.0,21.0
连云港,2024-11,23.0,-2.0,16.0
通化,2023-12,9.0,-31.0,-5.0
通化,2024-01,0.0,-28.0,-4.7
通化,2024-02,7.0,-21.0,-0.3
通化,2024-03,15.0,-14.0,5.5
通化,2024-04,25.0,-3.0,17.6
通化,2024-05,28.0,3.0,20.4
通化,2024-06,31.0,9.0,25.7
通化,2024-07,31.0,16.0,27.7
通化,2024-08,32.0,15.0,28.9
通化,2024-09,28.0,5.0,22.6
通化,2024-10,24.0,-4.0,15.2
通化,2024-11,20.0,-16.0,6.2
通辽,2023-12,6.0,-23.0,-7.1
通辽,2024-01,2.0,-22.0,-6.3
通辽,2024-02,11.0,-19.0,-2.0
通辽,2024-03,16.0,-14.0,6.4
通辽,2024-04,27.0,-4.0,17.6
通辽,2024-05,31.0,6.0,23.1
通辽,2024-06,36.0,11.0,29.1
通辽,2024-07,33.0,16.0,28.8
通辽,2024-08,32.0,15.0,28.1
通辽,2024-09,30.0,4.0,23.2
通辽,2024-10,24.0,-5.0,15.5
通辽,2024-11,17.0,-12.0,6.4
遂宁,2023-12,17.0,1.0,11.7
遂宁,2024-01,16.0,1.0,10.6
遂宁,2024-02,21.0,2.0,12.4
遂宁,2024-03,29.0,5.0,19.5
遂宁,2024-04,33.0,13.0,24.3
遂宁,2024-05,36.0,13.0,27.4
遂宁,2024-06,36.0,18.0,28.2
遂宁,2024-07,36.0,22.0,31.5
遂宁,2024-08,40.0,22.0,36.2
遂宁,2024-09,39.0,14.0,34.5
遂宁,2024-10,28.0,12.0,21.6
遂宁,2024-11,23.0,5.0,16.4
遵义,2023-12,26.0,-2.0,11.2
遵义,2024-01,21.0,-4.0,8.5
遵义,2024-02,30.0,-2.0,10.4
遵义,2024-03,31.0,1.0,17.5
遵义,2024-04,31.0,11.0,22.1
遵义,2024-05,32.0,10.0,22.5
遵义,2024-06,32.0,16.0,24.8
遵义,2024-07,36.0,20.0,31.0
遵义,2024-08,37.0,20.0,32.6
遵义,2024-09,37.0,13.0,31.3
遵义,2024-10,27.0,10.0,19.8
遵义,2024-11,26.0,4.0,15.7
邢台,2023-12,25.0,-18.0,3.3
邢台,2024-01,9.0,-11.0,3.8
邢台,2024-02,16.0,-8.0,6.0
邢台,2024-03,26.0,-3.0,15.9
邢台,2024-04,31.0,6.0,22.3
邢台,2024-05,34.0,10.0,27.6
邢台,2024-06,41.0,18.0,33.4
邢台,2024-07,37.0,19.0,30.8
邢台,2024-08,35.0,19.0,31.4
邢台,2024-09,32.0,11.0,25.9
邢台,2024-10,26.0,3.0,19.5
邢台,2024-11,21.0,-2.0,14.1
邯郸,2023-12,26.0,-15.0,4.8
邯郸,2024-01,11.0,-9.0,5.2
邯郸,2024-02,18.0,-7.0,7.6
邯郸,2024-03,26.0,-2.0,16.9
邯郸,2024-04,30.0,6.0,23.7
邯郸,2024-05,36.0,11.0,28.9
邯郸,2024-06,42.0,18.0,34.9
邯郸,2024-07,38.0,18.0,32.3
邯郸,2024-08,38.0,20.0,33.5
邯郸,2024-09,34.0,10.0,27.9
邯郸,2024-10,28.0,3.0,21.0
邯郸,2024-11,23.0,-2.0,15.4
邵阳,2023-12,25.0,-3.0,12.7
邵阳,2024-01,22.0,-4.0,10.0
邵阳,2024-02,30.0,-3.0,9.3
邵阳,2024-03,33.0,2.0,18.6
邵阳,2024-04,33.0,12.0,23.4
邵阳,2024-05,35.0,13.0,26.4
邵阳,2024-06,33.0,18.0,27.7
邵阳,2024-07,38.0,22.0,33.6
邵阳,2024-08,37.0,23.0,33.1
邵阳,2024-09,37.0,17.0,31.4
邵阳,2024-10,29.0,10.0,22.5
邵阳,2024-11,28.0,5.0,19.2
郑州,2023-12,27.0,-9.0,7.5
郑州,2024-01,18.0,-9.0,7.1
郑州,2024-02,20.0,-7.0,8.0
郑州,2024-03,27.0,-1.0,17.3
郑州,2024-04,31.0,7.0,24.1
郑州,2024-05,38.0,12.0,29.3
郑州,2024-06,40.0,19.0,33.7
郑州,2024-07,37.0,20.0,31.8
郑州,2024-08,36.0,22.0,33.4
郑州,2024-09,38.0,13.0,28.3
郑州,2024-10,27.0,4.0,21.6
郑州,2024-11,24.0,1.0,15.8
郴州,2023-12,26.0,-3.0,12.5
郴州,2024-01,24.0,-4.0,10.6
郴州,2024-02,25.0,-2.0,8.7
郴州,2024-03,29.0,2.0,18.0
郴州,2024-04,31.0,10.0,23.2
郴州,2024-05,32.0,12.0,25.5
郴州,2024-06,34.0,18.0,28.0
郴州,2024-07,38.0,24.0,33.0
郴州,2024-08,36.0,23.0,32.8
郴州,2024-09,36.0,16.0,29.7
郴州,2024-10,30.0,11.0,22.1
郴州,2024-11,27.0,7.0,18.2
都匀,2023-12,25.0,-4.0,12.5
都匀,2024-01,21.0,-6.0,9.6
都匀,2024-02,28.0,-3.0,9.9
都匀,2024-03,29.0,0.0,18.5
都匀,2024-04,33.0,10.0,23.5
都匀,2024-05,31.0,11.0,23.1
都匀,2024-06,32.0,15.0,24.4
都匀,2024-07,36.0,20.0,29.1
都匀,2024-08,34.0,19.0,30.0
都匀,2024-09,34.0,13.0,29.1
都匀,2024-10,27.0,9.0,21.2
都匀,2024-11,26.0,5.0,18.1
鄂州,2023-12,25.0,-3.0,10.8
鄂州,2024-01,22.0,-4.0,9.9
鄂州,2024-02,25.0,-1.0,8.5
鄂州,2024-03,32.0,2.0,18.5
鄂州,2024-04,30.0,13.0,23.2
鄂州,2024-05,35.0,15.0,27.8
鄂州,2024-06,36.0,19.0,28.9
鄂州,2024-07,39.0,23.0,34.4
鄂州,2024-08,40.0,24.0,36.4
鄂州,2024-09,40.0,15.0,33.6
鄂州,2024-10,31.0,10.0,24.1
鄂州,2024-11,27.0,4.0,19.4
酒泉,2023-12,12.0,-20.0,0.4
酒泉,2024-01,12.0,-21.0,0.3
酒泉,2024-02,15.0,-16.0,-0.8
酒泉,2024-03,24.0,-10.0,12.3
酒泉,2024-04,24.0,0.0,18.2
酒泉,2024-05,33.0,8.0,26.2
酒泉,2024-06,33.0,9.0,28.2
酒泉,2024-07,35.0,13.0,29.7
酒泉,2024-08,34.0,13.0,29.4
酒泉,2024-09,28.0,0.0,20.7
酒泉,2024-10,22.0,-1.0,16.8
酒泉,2024-11,18.0,-12.0,8.9
重庆,2023-12,19.0,4.0,12.7
重庆,2024-01,18.0,3.0,12.0
重庆,2024-02,23.0,5.0,13.5
重庆,2024-03,29.0,8.0,20.2
重庆,2024-04,34.0,16.0,24.2
重庆,2024-05,38.0,15.0,27.6
重庆,2024-06,37.0,19.0,28.6
重庆,2024-07,40.0,23.0,34.3
重庆,2024-08,41.0,26.0,38.1
重庆,2024-09,41.0,16.0,36.4
重庆,2024-10,28.0,15.0,22.3
重庆,2024-11,23.0,8.0,17.2
金华,2023-12,25.0,-4.0,12.9
金华,2024-01,23.0,-5.0,12.1
金华,2024-02,29.0,0.0,11.1
金华,2024-03,32.0,1.0,19.5
金华,2024-04,31.0,11.0,23.3
金华,2024-05,35.0,13.0,27.4
金华,2024-06,36.0,17.0,27.5
金华,2024-07,40.0,26.0,36.9
金华,2024-08,41.0,25.0,37.9
金华,2024-09,38.0,19.0,33.1
金华,2024-10,32.0,11.0,23.2
金华,2024-11,25.0,5.0,19.3
金昌,2023-12,16.0,-20.0,2.5
金昌,2024-01,13.0,-20.0,1.9
金昌,2024-02,17.0,-15.0,1.2
金昌,2024-03,26.0,-13.0,12.8
金昌,2024-04,27.0,2.0,19.6
金昌,2024-05,36.0,6.0,27.5
金昌,2024-06,34.0,11.0,29.2
金昌,2024-07,36.0,14.0,30.1
金昌,2024-08,35.0,14.0,29.8
金昌,2024-09,29.0,-1.0,20.2
金昌,2024-10,25.0,-4.0,17.6
金昌,2024-11,19.0,-11.0,9.5
钦州,2023-12,28.0,5.0,19.4
钦州,2024-01,26.0,4.0,17.4
钦州,2024-02,30.0,5.0,18.0
钦州,2024-03,30.0,9.0,22.2
钦州,2024-04,33.0,18.0,28.4
钦州,2024-05,34.0,19.0,28.9
钦州,2024-06,33.0,24.0,30.6
钦州,2024-07,36.0,24.0,31.7
钦州,2024-08,35.0,25.0,31.6
钦州,2024-09,36.0,23.0,31.9
钦州,2024-10,32.0,17.0,28.9
钦州,2024-11,32.0,13.0,26.4
铁岭,2023-12,13.0,-27.0,-4.3
铁岭,2024-01,3.0,-27.0,-4.6
铁岭,2024-02,13.0,-22.0,-1.7
铁岭,2024-03,17.0,-12.0,7.9
铁岭,2024-04,25.0,-3.0,18.6
铁岭,2024-05,29.0,6.0,23.5
铁岭,2024-06,34.0,9.0,29.1
铁岭,2024-07,33.0,16.0,28.8
铁岭,2024-08,33.0,16.0,29.9
铁岭,2024-09,29.0,6.0,23.1
铁岭,2024-10,23.0,-4.0,16.4
铁岭,2024-11,17.0,-11.0,8.0
铜仁,2023-12,26.0,-1.0,12.4
铜仁,2024-01,20.0,-3.0,9.1
铜仁,2024-02,31.0,-2.0,9.8
铜仁,2024-03,33.0,3.0,19.0
铜仁,2024-04,31.0,12.0,22.6
铜仁,2024-05,36.0,14.0,25.5
铜仁,2024-06,35.0,16.0,27.0
铜仁,2024-07,40.0,22.0,33.9
铜仁,2024-08,38.0,23.0,34.0
铜仁,2024-09,38.0,17.0,32.9
铜仁,2024-10,28.0,10.0,22.3
铜仁,2024-11,26.0,7.0,18.5
铜川,2023-12,19.0,-11.0,5.5
铜川,2024-01,12.0,-11.0,4.1
铜川,2024-02,15.0,-7.0,4.8
铜川,2024-03,27.0,-4.0,15.8
铜川,2024-04,29.0,5.0,22.4
铜川,2024-05,34.0,6.0,26.8
铜川,2024-06,38.0,11.0,30.7
铜川,2024-07,32.0,14.0,27.9
铜川,2024-08,32.0,15.0,29.0
铜川,2024-09,31.0,5.0,26.6
铜川,2024-10,23.0,0.0,17.9
铜川,2024-11,17.0,-6.0,11.0
铜陵,2023-12,23.0,-6.0,9.5
铜陵,2024-01,20.0,-5.0,8.9
铜陵,2024-02,27.0,-2.0,8.2
铜陵,2024-03,31.0,-1.0,17.3
铜陵,2024-04,30.0,8.0,22.3
铜陵,2024-05,34.0,13.0,26.7
铜陵,2024-06,35.0,17.0,29.2
铜陵,2024-07,38.0,24.0,33.9
铜陵,2024-08,39.0,24.0,35.1
铜陵,2024-09,38.0,17.0,31.0
铜陵,2024-10,27.0,9.0,21.5
铜陵,2024-11,24.0,5.0,17.5
银川,2023-12,16.0,-18.0,1.7
银川,2024-01,8.0,-17.0,1.5
银川,2024-02,18.0,-11.0,3.7
银川,2024-03,26.0,-7.0,14.5
银川,2024-04,29.0,3.0,22.1
银川,2024-05,35.0,7.0,27.7
银川,2024-06,36.0,12.0,28.9
银川,2024-07,37.0,15.0,32.1
银川,2024-08,35.0,14.0,28.6
银川,2024-09,30.0,1.0,21.9
银川,2024-10,24.0,1.0,18.1
银川,2024-11,18.0,-8.0,10.0
锦州,2023-12,10.0,-19.0,-1.1
锦州,2024-01,7.0,-17.0,-0.6
锦州,2024-02,14.0,-16.0,1.4
锦州,2024-03,17.0,-10.0,9.3
锦州,2024-04,27.0,2.0,18.3
锦州,2024-05,29.0,10.0,23.9
锦州,2024-06,36.0,15.0,28.5
锦州,2024-07,34.0,19.0,29.3
锦州,2024-08,32.0,18.0,29.7
锦州,2024-09,30.0,7.0,23.9
锦州,2024-10,25.0,-2.0,17.5
锦州,2024-11,20.0,-7.0,10.6
镇江,2023-12,23.0,-7.0,9.1
镇江,2024-01,17.0,-7.0,8.1
镇江,2024-02,23.0,-3.0,7.8
镇江,2024-03,31.0,-1.0,15.8
镇江,2024-04,27.0,7.0,21.2
镇江,2024-05,33.0,10.0,26.1
镇江,2024-06,35.0,17.0,29.1
镇江,2024-07,37.0,21.0,33.3
镇江,2024-08,40.0,25.0,34.9
镇江,2024-09,36.0,17.0,30.8
镇江,2024-10,28.0,8.0,21.3
镇江,2024-11,26.0,1.0,17.2
长春,2023-12,8.0,-24.0,-8.2
长春,2024-01,2.0,-25.0,-7.7
长春,2024-02,9.0,-22.0,-4.0
长春,2024-03,14.0,-17.0,4.5
长春,2024-04,24.0,-5.0,16.6
长春,2024-05,30.0,4.0,21.1
长春,2024-06,33.0,10.0,26.0
长春,2024-07,32.0,16.0,27.7
长春,2024-08,31.0,14.0,28.0
长春,2024-09,28.0,4.0,21.9
长春,2024-10,23.0,-4.0,13.8
长春,2024-11,14.0,-13.0,4.7
长沙,2023-12,23.0,-3.0,12.7
长沙,2024-01,23.0,-7.0,10.6
长沙,2024-02,28.0,-2.0,8.7
长沙,2024-03,31.0,3.0,19.0
长沙,2024-04,32.0,12.0,23.6
长沙,2024-05,36.0,14.0,27.4
长沙,2024-06,36.0,18.0,28.3
长沙,2024-07,40.0,22.0,34.9
长沙,2024-08,37.0,24.0,34.3
长沙,2024-09,39.0,18.0,32.1
长沙,2024-10,30.0,10.0,22.7
长沙,2024-11,27.0,4.0,19.0
长治,2023-12,21.0,-20.0,2.7
长治,2024-01,14.0,-17.0,2.5
长治,2024-02,16.0,-15.0,2.7
长治,2024-03,24.0,-6.0,12.8
长治,2024-04,29.0,2.0,21.2
长治,2024-05,32.0,7.0,25.8
长治,2024-06,35.0,11.0,28.7
长治,2024-07,32.0,15.0,27.5
长治,2024-08,32.0,11.0,28.3
长治,2024-09,31.0,7.0,24.3
长治,2024-10,24.0,0.0,17.2
长治,2024-11,18.0,-8.0,10.3
阜新,2023-12,11.0,-24.0,-5.7
阜新,2024-01,3.0,-22.0,-4.9
阜新,2024-02,14.0,-24.0,-2.0
阜新,2024-03,17.0,-15.0,6.8
阜新,2024-04,26.0,-5.0,17.1
阜新,2024-05,30.0,5.0,22.8
阜新,2024-06,34.0,11.0,28.5
阜新,2024-07,36.0,15.0,29.6
阜新,2024-08,32.0,14.0,29.4
阜新,2024-09,28.0,2.0,23.3
阜新,2024-10,24.0,-9.0,16.8
阜新,2024-11,18.0,-13.0,8.8
阜阳,2023-12,24.0,-8.0,8.3
阜阳,2024-01,19.0,-7.0,7.6
阜阳,2024-02,22.0,-9.0,7.1
阜阳,2024-03,27.0,0.0,16.5
阜阳,2024-04,29.0,6.0,22.9
阜阳,2024-05,35.0,12.0,29.2
阜阳,2024-06,40.0,18.0,32.7
阜阳,2024-07,39.0,21.0,32.3
阜阳,2024-08,38.0,23.0,34.7
阜阳,2024-09,37.0,13.0,30.0
阜阳,2024-10,28.0,8.0,22.3
阜阳,2024-11,24.0,1.0,16.9
防城港,2023-12,27.0,6.0,19.5
防城港,2024-01,25.0,4.0,17.7
防城港,2024-02,28.0,7.0,17.7
防城港,2024-03,29.0,9.0,21.6
防城港,2024-04,33.0,19.0,28.3
防城港,2024-05,32.0,19.0,28.9
防城港,2024-06,32.0,24.0,30.1
防城港,2024-07,33.0,25.0,31.2
防城港,2024-08,33.0,25.0,31.2
防城港,2024-09,36.0,23.0,31.1
防城港,2024-10,32.0,17.0,28.5
防城港,2024-11,30.0,13.0,25.8
阳江,2023-12,29.0,6.0,21.2
阳江,2024-01,26.0,5.0,20.5
阳江,2024-02,27.0,8.0,21.0
阳江,2024-03,30.0,8.0,22.6
阳江,2024-04,31.0,22.0,27.7
阳江,2024-05,31.0,20.0,28.0
阳江,2024-06,34.0,24.0,30.3
阳江,2024-07,35.0,25.0,31.3
阳江,2024-08,36.0,25.0,32.3
阳江,2024-09,36.0,21.0,31.5
阳江,2024-10,34.0,19.0,29.3
阳江,2024-11,32.0,13.0,25.4
阳泉,2023-12,19.0,-18.0,2.3
阳泉,2024-01,14.0,-16.0,3.4
阳泉,2024-02,20.0,-14.0,4.6
阳泉,2024-03,27.0,-6.0,14.2
阳泉,2024-04,32.0,4.0,20.9
阳泉,2024-05,35.0,6.0,26.6
阳泉,2024-06,40.0,13.0,30.9
阳泉,2024-07,37.0,15.0,30.0
阳泉,2024-08,33.0,14.0,28.5
阳泉,2024-09,30.0,7.0,22.3
阳泉,2024-10,25.0,-1.0,17.8
阳泉,2024-11,20.0,-9.0,11.9
阿克苏,2023-12,9.0,-12.0,1.2
阿克苏,2024-01,5.0,-14.0,1.4
阿克苏,2024-02,11.0,-9.0,3.4
阿克苏,2024-03,24.0,-3.0,14.9
阿克苏,2024-04,30.0,3.0,22.9
阿克苏,2024-05,36.0,10.0,29.8
阿克苏,2024-06,39.0,13.0,32.2
阿克苏,2024-07,40.0,14.0,32.1
阿克苏,2024-08,37.0,12.0,30.2
阿克苏,2024-09,31.0,5.0,26.2
阿克苏,2024-10,26.0,2.0,21.0
阿克苏,2024-11,18.0,-5.0,11.9
阿勒泰,2023-12,1.0,-35.0,-7.9
阿勒泰,2024-01,2.0,-25.0,-7.1
阿勒泰,2024-02,3.0,-40.0,-8.8
阿勒泰,2024-03,14.0,-19.0,2.9
阿勒泰,2024-04,22.0,-2.0,14.2
阿勒泰,2024-05,32.0,4.0,23.0
阿勒泰,2024-06,34.0,10.0,27.4
阿勒泰,2024-07,34.0,13.0,28.4
阿勒泰,2024-08,34.0,10.0,28.1
阿勒泰,2024-09,26.0,1.0,18.1
阿勒泰,2024-10,21.0,-3.0,11.7
阿勒泰,2024-11,15.0,-11.0,2.3
随州,2023-12,23.0,-7.0,9.6
随州,2024-01,21.0,-8.0,9.3
随州,2024-02,23.0,-9.0,8.2
随州,2024-03,30.0,-1.0,18.7
随州,2024-04,30.0,9.0,22.9
随州,2024-05,35.0,12.0,28.3
随州,2024-06,38.0,17.0,31.2
随州,2024-07,38.0,21.0,32.3
随州,2024-08,38.0,23.0,34.6
随州,2024-09,39.0,13.0,31.6
随州,2024-10,29.0,6.0,23.4
随州,2024-11,25.0,-2.0,17.9
雅安,2023-12,18.0,-1.0,11.4
雅安,2024-01,17.0,0.0,10.6
雅安,2024-02,20.0,2.0,11.7
雅安,2024-03,27.0,4.0,17.6
雅安,2024-04,29.0,12.0,23.0
雅安,2024-05,33.0,13.0,26.0
雅安,2024-06,33.0,17.0,28.1
雅安,2024-07,35.0,20.0,29.0
雅安,2024-08,38.0,21.0,33.9
雅安,2024-09,37.0,16.0,30.0
雅安,2024-10,25.0,12.0,20.6
雅安,2024-11,23.0,6.0,16.6
青岛,2023-12,16.0,-9.0,4.5
青岛,2024-01,9.0,-7.0,3.7
青岛,2024-02,18.0,-5.0,3.9
青岛,2024-03,19.0,-2.0,10.9
青岛,2024-04,23.0,6.0,16.9
青岛,2024-05,28.0,12.0,21.1
青岛,2024-06,32.0,17.0,25.7
青岛,2024-07,31.0,20.0,27.7
青岛,2024-08,33.0,24.0,30.5
青岛,2024-09,31.0,16.0,27.7
青岛,2024-10,25.0,8.0,19.8
青岛,2024-11,22.0,0.0,14.5
鞍山,2023-12,16.0,-21.0,-2.3
鞍山,2024-01,4.0,-20.0,-2.4
鞍山,2024-02,14.0,-17.0,-0.6
鞍山,2024-03,16.0,-7.0,8.6
鞍山,2024-04,24.0,1.0,19.3
鞍山,2024-05,29.0,10.0,24.1
鞍山,2024-06,34.0,14.0,29.6
鞍山,2024-07,35.0,19.0,29.8
鞍山,2024-08,34.0,19.0,31.0
鞍山,2024-09,29.0,6.0,24.0
鞍山,2024-10,24.0,-2.0,17.3
鞍山,2024-11,19.0,-8.0,9.7
韶关,2023-12,28.0,-1.0,16.7
韶关,2024-01,26.0,-1.0,16.4
韶关,2024-02,28.0,2.0,15.0
韶关,2024-03,30.0,4.0,20.7
韶关,2024-04,31.0,15.0,25.2
韶关,2024-05,32.0,17.0,27.8
韶关,2024-06,35.0,21.0,30.2
韶关,2024-07,40.0,24.0,34.4
韶关,2024-08,37.0,25.0,34.3
韶关,2024-09,37.0,19.0,33.0
韶关,2024-10,33.0,12.0,27.8
韶关,2024-11,30.0,7.0,23.3
马鞍山,2023-12,23.0,-7.0,9.7
马鞍山,2024-01,19.0,-6.0,9.1
马鞍山,2024-02,26.0,-2.0,8.2
马鞍山,2024-03,32.0,-1.0,17.4
马鞍山,2024-04,28.0,8.0,22.1
马鞍山,2024-05,33.0,12.0,26.5
马鞍山,2024-06,35.0,16.0,29.2
马鞍山,2024-07,38.0,22.0,33.2
马鞍山,2024-08,40.0,24.0,35.6
马鞍山,2024-09,37.0,16.0,30.8
马鞍山,2024-10,28.0,9.0,21.2
马鞍山,2024-11,25.0,3.0,17.3
驻马店,2023-12,23.0,-8.0,8.2
驻马店,2024-01,16.0,-6.0,7.7
驻马店,2024-02,22.0,-8.0,7.4
驻马店,2024-03,29.0,0.0,16.9
驻马店,2024-04,29.0,7.0,22.2
驻马店,2024-05,36.0,11.0,29.5
驻马店,2024-06,40.0,17.0,32.8
驻马店,2024-07,37.0,21.0,31.6
驻马店,2024-08,36.0,21.0,33.3
驻马店,2024-09,37.0,12.0,28.5
驻马店,2024-10,28.0,7.0,22.3
驻马店,2024-11,25.0,1.0,16.6
高雄,2023-12,31.0,13.0,26.9
高雄,2024-01,30.0,11.0,26.0
高雄,2024-02,35.0,12.0,29.9
高雄,2024-03,35.0,15.0,30.0
高雄,2024-04,36.0,23.0,34.2
高雄,2024-05,34.0,23.0,32.4
高雄,2024-06,37.0,25.0,33.5
高雄,2024-07,37.0,26.0,33.2
高雄,2024-08,33.0,25.0,30.7
高雄,2024-09,32.0,24.0,30.0
高雄,2024-10,30.0,21.0,26.3
高雄,2024-11,27.0,13.0,22.1
鸡西,2023-12,2.0,-29.0,-10.1
鸡西,2024-01,0.0,-26.0,-9.5
鸡西,2024-02,9.0,-24.0,-3.9
鸡西,2024-03,12.0,-17.0,2.1
鸡西,2024-04,29.0,-3.0,16.0
鸡西,2024-05,29.0,4.0,18.6
鸡西,2024-06,30.0,9.0,21.7
鸡西,2024-07,32.0,14.0,27.3
鸡西,2024-08,31.0,15.0,27.1
鸡西,2024-09,30.0,4.0,21.4
鸡西,2024-10,24.0,-3.0,13.4
鸡西,2024-11,16.0,-18.0,1.7
鹤壁,2023-12,21.0,-15.0,4.1
鹤壁,2024-01,13.0,-9.0,4.8
鹤壁,2024-02,18.0,-8.0,7.0
鹤壁,2024-03,23.0,-1.0,16.0
鹤壁,2024-04,28.0,6.0,21.9
鹤壁,2024-05,34.0,11.0,27.5
鹤壁,2024-06,41.0,17.0,34.6
鹤壁,2024-07,36.0,19.0,31.1
鹤壁,2024-08,35.0,20.0,32.4
鹤壁,2024-09,35.0,9.0,27.7
鹤壁,2024-10,27.0,3.0,21.3
鹤壁,2024-11,22.0,-2.0,14.7
鹤岗,2023-12,1.0,-32.0,-11.8
鹤岗,2024-01,-4.0,-32.0,-11.4
鹤岗,2024-02,7.0,-25.0,-4.9
鹤岗,2024-03,10.0,-19.0,1.5
鹤岗,2024-04,25.0,-5.0,14.7
鹤岗,2024-05,26.0,1.0,18.5
鹤岗,2024-06,29.0,5.0,20.9
鹤岗,2024-07,32.0,11.0,27.6
鹤岗,2024-08,31.0,13.0,25.8
鹤岗,2024-09,27.0,0.0,20.6
鹤岗,2024-10,21.0,-7.0,12.4
鹤岗,2024-11,10.0,-21.0,-0.2
鹰潭,2023-12,27.0,-4.0,12.6
鹰潭,2024-01,22.0,-5.0,11.6
鹰潭,2024-02,29.0,0.0,11.0
鹰潭,2024-03,31.0,1.0,19.2
鹰潭,2024-04,32.0,13.0,23.4
鹰潭,2024-05,34.0,15.0,27.4
鹰潭,2024-06,36.0,18.0,27.8
鹰潭,2024-07,39.0,25.0,35.9
鹰潭,2024-08,40.0,25.0,35.9
鹰潭,2024-09,38.0,19.0,33.2
鹰潭,2024-10,32.0,12.0,24.8
鹰潭,2024-11,28.0,3.0,20.3
黄冈,2023-12,23.0,-4.0,10.5
黄冈,2024-01,20.0,-5.0,9.7
黄冈,2024-02,25.0,-2.0,8.3
黄冈,2024-03,31.0,2.0,18.2
黄冈,2024-04,29.0,11.0,23.1
黄冈,2024-05,34.0,14.0,27.5
黄冈,2024-06,36.0,19.0,29.0
黄冈,2024-07,39.0,22.0,34.1
黄冈,2024-08,39.0,24.0,35.4
黄冈,2024-09,39.0,15.0,32.7
黄冈,2024-10,29.0,10.0,23.6
黄冈,2024-11,26.0,2.0,19.1
黄石,2023-12,24.0,-3.0,11.3
黄石,2024-01,20.0,-4.0,10.1
黄石,2024-02,29.0,-2.0,9.1
黄石,2024-03,33.0,1.0,18.9
黄石,2024-04,29.0,12.0,23.2
黄石,2024-05,35.0,14.0,27.4
黄石,2024-06,35.0,18.0,28.6
黄石,2024-07,40.0,23.0,35.2
黄石,2024-08,40.0,24.0,36.8
黄石,2024-09,39.0,15.0,33.5
黄石,2024-10,30.0,9.0,24.1
黄石,2024-11,27.0,2.0,19.5
黑河,2023-12,0.0,-33.0,-15.3
黑河,2024-01,-5.0,-33.0,-14.6
黑河,2024-02,-1.0,-27.0,-8.3
黑河,2024-03,8.0,-21.0,-0.2
黑河,2024-04,23.0,-8.0,12.7
黑河,2024-05,28.0,2.0,19.0
黑河,2024-06,31.0,8.0,23.7
黑河,2024-07,35.0,14.0,28.4
黑河,2024-08,30.0,11.0,25.2
黑河,2024-09,29.0,-1.0,19.6
黑河,2024-10,22.0,-7.0,9.6
黑河,2024-11,4.0,-21.0,-2.4
齐齐哈尔,2023-12,1.0,-29.0,-11.4
齐齐哈尔,2024-01,-3.0,-26.0,-10.3
齐齐哈尔,2024-02,7.0,-24.0,-5.0
齐齐哈尔,2024-03,12.0,-18.0,3.6
齐齐哈尔,2024-04,25.0,-5.0,15.9
齐齐哈尔,2024-05,27.0,5.0,20.6
齐齐哈尔,2024-06,32.0,12.0,24.6
齐齐哈尔,2024-07,33.0,17.0,29.4
齐齐哈尔,2024-08,31.0,13.0,26.5
齐齐哈尔,2024-09,28.0,3.0,21.7
齐齐哈尔,2024-10,22.0,-5.0,12.5
齐齐哈尔,2024-11,10.0,-20.0,1.3
龙岩,2023-12,27.0,1.0,18.9
龙岩,2024-01,26.0,0.0,18.8
龙岩,2024-02,30.0,5.0,20.6
龙岩,2024-03,31.0,5.0,21.2
龙岩,2024-04,33.0,15.0,26.0
龙岩,2024-05,33.0,16.0,27.3
龙岩,2024-06,34.0,17.0,29.7
龙岩,2024-07,38.0,23.0,33.8
龙岩,2024-08,37.0,23.0,32.8
龙岩,2024-09,36.0,21.0,31.9
龙岩,2024-10,34.0,16.0,27.7
龙岩,2024-11,31.0,7.0,23.8
